ID,Code,Name,Description
1,BM2DB2X116,Broca HSS M2,"M2 HSS Diámetro: 1/16'' 
130° 
2 piezas/juego Embalado en blíster doble"
2,BM2DB2X564,Broca HSS M2,M2 HSS Diámetro: 5/64'' 130° 2 piezas/juego Embalado en blíster doble
3,BM2DB2X332,Broca HSS M2,M2 HSS Diámetro: 3/32'' 130° 2 piezas/juego Embalado en blíster doble
4,BM2DB2X764,Broca HSS M2,M2 HSS Diámetro: 7/64'' 130° 2 piezas/juego Embalado en blíster doble
5,BM2DB1X8,Broca HSS M2,M2 HSS Diámetro: 1/8'' 130° Embalado en blíster doble
6,BM2DB1X964,Broca HSS M2,M2 HSS Diámetro: 9/64'' 130° Embalado en blíster doble
7,BM2DB1X532,Broca HSS M2,M2 HSS Diámetro: 5/32'' 130° Embalado en blíster doble
8,BM2DB1X1164,Broca HSS M2,M2 HSS Diámetro: 11/64'' 130° Embalado en blíster doble
9,BM2DB1X316,Broca HSS M2,M2 HSS Diámetro: 3/16'' 130° Embalado en blíster doble
10,BM2DB1X1364,Broca HSS M2,M2 HSS Diámetro: 13/64'' 130° Embalado en blíster doble
11,BM2DB1X732,Broca HSS M2,M2 HSS Diámetro: 7/32'' 130° Embalado en blíster doble
12,BM2DB1X14,Broca HSS M2,M2 HSS Diámetro: 1/4'' 130° Embalado en blíster doble
13,BM2DB1X516,Broca HSS M2,M2 HSS Diámetro: 5/16'' 130° Embalado en blíster doble
14,BM2DB1X38,Broca HSS M2,M2 HSS Diámetro: 3/8'' 130° Embalado en blíster doble
15,BM2DB1X716,Broca HSS M2,M2 HSS Diámetro: 7/16'' 130° Embalado en blíster doble
16,BM2DB1X12,Broca HSS M2,M2 HSS Diámetro: 1/2'' 130° Embalado en blíster doble
17,BM35DB2X132,Broca HSS-CO M35,"M35 HSS, diámetro: 1/32"", 2 piezas/juego, acero de alta velocidad con aleación de cobalto al 5 %, empaquetado en blíster doble."
18,BM35DB2X116,Broca HSS-CO M35,"M35 HSS, diámetro: 1/16"", 2 piezas/juego, acero de alta velocidad con aleación de cobalto al 5 %, empaquetado en blíster doble."
19,BM35DB2X564,Broca HSS-CO M35,"M35 HSS, diámetro: 5/64"", 2 piezas/juego, acero de alta velocidad con aleación de cobalto al 5 %, empaquetado en blíster doble."
20,BM35DB2X332,Broca HSS-CO M35,"M35 HSS, diámetro: 3/32"", 2 piezas/juego, acero de alta velocidad con aleación de cobalto al 5 %, empaquetado en blíster doble."
21,BM35DB2X764,Broca HSS-CO M35,"M35 HSS, diámetro: 7/64"", 2 piezas/juego, acero de alta velocidad con aleación de cobalto al 5 %, empaquetado en blíster doble."
22,BM35DB1X964,Broca HSS-CO M35,"M35 HSS, diámetro: 9/64"" Acero de alta velocidad con aleación de cobalto al 5 % Envasado en blíster doble"
23,BM35DB1X532,Broca HSS-CO M35,"M35 HSS, diámetro: 5/32"" Acero de alta velocidad con aleación de cobalto al 5 % Envasado en blíster doble"
24,BM35DB1X1164,Broca HSS-CO M35,"M35 HSS, diámetro: 11/64"" Acero de alta velocidad con aleación de cobalto al 5 % Envasado en blíster doble"
25,BM35DB1X316,Broca HSS-CO M35,"M35 HSS, diámetro: 3/16"" Acero de alta velocidad con aleación de cobalto al 5 % Embalado en blíster doble"
26,BM35DB1X1364,Broca HSS-CO M35,"M35 HSS, diámetro: 13/64"" Acero de alta velocidad con aleación de cobalto al 5 % Envasado en blíster doble"
27,BM35DB1X732,Broca HSS-CO M35,"M35 HSS, diámetro: 7/32"" Acero de alta velocidad con aleación de cobalto al 5 % Envasado en blíster doble"
28,BM35DB1X1564,Broca HSS-CO M35,"M35 HSS, diámetro: 15/64"" Acero de alta velocidad con aleación de cobalto al 5 % Envasado en blíster doble"
29,BM35DB1X14,Broca HSS-CO M35,"M35 HSS, diámetro: 1/4'' Acero de alta velocidad con aleación de cobalto al 5 % Embalado en blíster doble"
30,BM35DB1X1764,Broca HSS-CO M35,"M35 HSS, diámetro: 17/64"" Acero de alta velocidad con aleación de cobalto al 5 % Envasado en blíster doble"
31,BM35DB1X932,Broca HSS-CO M35,"M35 HSS, diámetro: 9/32"" Acero de alta velocidad con aleación de cobalto al 5 % Envasado en blíster doble"
32,BM35DB1X516,Broca HSS-CO M35,"M35 HSS, diámetro: 5/16"" Acero de alta velocidad con aleación de cobalto al 5 % Envasado en blíster doble"
33,BM35DB1X1132,Broca HSS-CO M35,"M35 HSS, diámetro: 11/32"" Acero de alta velocidad con aleación de cobalto al 5 % Envasado en blíster doble"
34,BM35DB1X38,Broca HSS-CO M35,"M35 HSS, diámetro: 3/8"" Acero de alta velocidad con aleación de cobalto al 5 % Embalado en blíster doble"
35,BM35DB1X716,Broca HSS-CO M35,"M35 HSS, diámetro: 7/16"" Acero de alta velocidad con aleación de cobalto al 5 % Envasado en blíster doble"
36,BM35DB1X12,Broca HSS-CO M35,"M35 HSS, diámetro: 1/2"" Acero de alta velocidad con aleación de cobalto al 5 % Embalado en blíster doble"
37,BM2DBSET8,Juego de 8 brocas helicoidales HSS,"8 piezas/juegoPERO EN M2
Juego de 8 brocas helicoidales HSS de 5/64"", 7/64"", 7/64"", 5/32"", 5/32"", 3/16"", 7/32"", 5/16"" Empacado en blíster doble"
39,BMDB532X3,Broca para mampostería,"Diámetro 5/32""*3""(3,97 mm) Punta de carburo duradera para una vida útil más prolongada en concreto y agregados duros Adecuado para perforar cemento, concreto, ladrillo y bloques Envasado en blíster doble"
40,BMDB316X338,Broca para mampostería,"Diámetro 3/16"" X 3 3/8"" (4,76 mm) Punta de carburo duradera para una mayor vida útil en concreto y agregados duros Adecuado para perforar cemento, concreto, ladrillo y bloque Embalado en blíster doble"
41,BMDB14X4,Broca para mampostería,"Diámetro 1/4"" X 4"" (6,35 mm) Punta de carburo duradera para una mayor vida útil en concreto y agregados duros Adecuado para perforar cemento, concreto, ladrillo y bloque Embalado en blíster doble"
42,BMDB14X6,Broca para mampostería,"Diámetro 1/4"" X 6"" (6,35 mm) Punta de carburo duradera para una mayor vida útil en concreto y agregados duros Adecuado para perforar cemento, concreto, ladrillo y bloque Embalado en blíster doble"
43,BMDB516X6,Broca para mampostería,"Diámetro 5/16"" X 6"" (7,94 mm) Punta de carburo duradera para una vida útil más prolongada en concreto y agregados duros Adecuado para perforar cemento, concreto, ladrillo y bloques Envasado en blíster doble"
44,BMDB516X8,Broca para mampostería,"Diámetro 5/16"" X 8"" (7,94 mm) Punta de carburo duradera para una mayor vida útil en concreto y agregados duros Adecuado para perforar cemento, concreto, ladrillo y bloque Embalado en blíster doble"
45,BMDB38X434,Broca para mampostería,"Diámetro 3/8"" X 4-3/4"" (9,53 mm) Punta de carburo duradera para una mayor vida útil en concreto y agregados duros Adecuado para perforar cemento, concreto, ladrillo y bloque Envasado en blíster doble"
46,BMDB38X8,Broca para mampostería,"Diámetro 3/8"" X 8"" (9,53 mm) Punta de carburo duradera para una mayor vida útil en concreto y agregados duros Adecuado para perforar cemento, concreto, ladrillo y bloque Embalado en blíster doble"
47,BMDB14X614S,Taladro percutor SDS plus,"1/4"" X 6-1/4"" SDS plus La cabeza de carburo cementado mejora la resistencia de la punta de la broca y el producto tiene una larga vida útil Los productos son adecuados para mampostería, hormigón y otras operaciones de perforación Embalado en percha de plástico"
48,BMDB516X614S,Taladro percutor SDS plus,"5/16"" X 6-1/4"" SDS plus La cabeza de carburo cementado mejora la resistencia de la punta de la broca y el producto tiene una larga vida útil Los productos son adecuados para mampostería, hormigón y otras operaciones de perforación Embalado en percha de plástico"
49,BMDB38X614S,Taladro percutor SDS plus,"3/8"" X 6-1/4"" SDS plus La cabeza de carburo cementado mejora la resistencia de la punta de la broca y el producto tiene una larga vida útil Los productos son adecuados para mampostería, hormigón y otras operaciones de perforación Embalado en percha de plástico"
50,BMDB12X614S,Taladro percutor SDS plus,"1/2"" X 6-1/4"" SDS plus La cabeza de carburo cementado mejora la resistencia de la punta de la broca y el producto tiene una larga vida útil Los productos son adecuados para mampostería, hormigón y otras operaciones de perforación Embalado en percha de plástico"
51,BMDB14X12316S,Taladro percutor SDS plus,"1/4"" x 12-3/16"" SDS plus La cabeza de carburo cementado mejora la resistencia de la punta de la broca y el producto tiene una larga vida útil Los productos son adecuados para mampostería, hormigón y otras operaciones de perforación Embalado en percha de plástico"
52,BMDB516X12316S,Taladro percutor SDS plus,"5/16"" x 12-3/16"" SDS plus La cabeza de carburo cementado mejora la resistencia de la punta de la broca y el producto tiene una larga vida útil Los productos son adecuados para mampostería, hormigón y otras operaciones de perforación Embalado en percha de plástico"
53,BMDB38X12316S,Taladro percutor SDS plus,"3/8"" X 12-3/16"" SDS plus La cabeza de carburo cementado mejora la resistencia de la punta de la broca y el producto tiene una larga vida útil Los productos son adecuados para mampostería, hormigón y otras operaciones de perforación Embalado por percha de plástico"
54,BMDB12X12316S,Taladro percutor SDS plus,"1/2"" x 12-3/16"" SDS plus La cabeza de carburo cementado mejora la resistencia de la punta de la broca y el producto tiene una larga vida útil Los productos son adecuados para mampostería, hormigón y otras operaciones de perforación Embalado en percha de plástico"
55,BMDB14X1014S,Taladro percutor SDS plus,"1/4"" X 10-1/4"" SDS plus La cabeza de carburo cementado mejora la resistencia de la punta de la broca y el producto tiene una larga vida útil Los productos son adecuados para mampostería, hormigón y otras operaciones de perforación Embalado por percha de plástico"
56,BMDB38X1014S,Taladro percutor SDS plus,"3/8"" X 10 1/4""SDS plus La cabeza de carburo cementado mejora la resistencia de la punta de la broca y el producto tiene una larga vida útil Los productos son adecuados para mampostería, hormigón y otras operaciones de perforación Embalado por percha de plástico"
62,BCHP14X250S,Cincel SDS plus,"14X250 mm, puntiagudo, SDS plus Resistente al desgaste, alta dureza y larga vida útil Utilizado en hormigón, paredes de ladrillo, cemento Embalado en percha de plástico"
63,BCHF14X20X250S,Cincel SDS plus,"SDS plus, 14X250X20mm, plano Resistente al desgaste, alta dureza y larga vida útil Utilizado en hormigón, paredes de ladrillo, cemento Embalado en percha de plástico"
64,BCHF14X40X250S,Cincel SDS plus,"SDS plus, 14X250X40mm, plano Resistente al desgaste, alta dureza y larga vida útil Utilizado en hormigón, paredes de ladrillo, cemento Embalado en percha de plástico"
65,BCHP18X300SM,Cincel SDS max,"SDS máx., 18 x 300 mm, puntiagudo Resistente al desgaste, alta dureza y larga vida útil Utilizado en hormigón, paredes de ladrillo, cemento Embalado en percha de plástico"
66,BCHP18X400SM,Cincel SDS max,"SDS máx., 18 x 400 mm, puntiagudo Resistente al desgaste, alta dureza y larga vida útil Utilizado en hormigón, paredes de ladrillo, cemento Embalado en percha de plástico"
67,BCHF18X25X300SM,Cincel SDS max,"SDS máx., 18 x 300 x 25 mm, plano Resistente al desgaste, alta dureza y larga vida útil Utilizado en hormigón, paredes de ladrillo, cemento Embalado en percha de plástico"
68,BCHF18X25X400SM,Cincel SDS max,"SDS máx., 18 x 400 x 25 mm, plano Resistente al desgaste, alta dureza y larga vida útil Utilizado en hormigón, paredes de ladrillo, cemento Embalado en percha de plástico"
69,BCHF18X50X400SM,Cincel SDS max,"SDS máx., 18 x 400 x 50 mm, plano Resistente al desgaste, alta dureza y larga vida útil Utilizado en hormigón, paredes de ladrillo, cemento Embalado en percha de plástico"
70,BCHP17X280SH,cincel hexagonal,"Cincel hexagonal, 17 x 280 mm, puntiagudo Resistente al desgaste, alta dureza y larga vida útil Utilizado en hormigón, paredes de ladrillo, cemento Embalado en tubo de plástico Cincel hexagonal"
71,BCHF17X22X280SH,cincel hexagonal,"Cincel hexagonal, 17 x 280 x 22 mm, plano Resistente al desgaste, alta dureza y larga vida útil Utilizado en hormigón, paredes de ladrillo, cemento Embalado en tubo de plástico"
72,BCHP17X350SH,cincel hexagonal,"Cincel hexagonal, 17 x 350 mm, puntiagudo Resistente al desgaste, alta dureza y larga vida útil Utilizado en hormigón, paredes de ladrillo, cemento Embalado en tubo de plástico"
73,BCHF17X22X350SH,cincel hexagonal,"Cincel hexagonal, 17 x 350 x 22 mm, plano Resistente al desgaste, alta dureza y larga vida útil Utilizado en hormigón, paredes de ladrillo, cemento Embalado en tubo de plástico"
74,BCHF17X50X280SH,cincel hexagonal,"Cincel hexagonal, 17 x 280 x 50 mm, plano Resistente al desgaste, alta dureza y larga vida útil Utilizado en hormigón, paredes de ladrillo, cemento Embalado en percha de plástico"
75,BCHP30X400SH,cincel hexagonal,"Cincel hexagonal, 30 x 400 mm, punta Resistente al desgaste, alta dureza y larga vida útil Utilizado en hormigón, paredes de ladrillo, cemento Embalado en tubo de plástico"
76,BCHF30X35X400SH,cincel hexagonal,"Cincel hexagonal, 30 X 400 X 35 mm, plano Resistente al desgaste, alta dureza y larga vida útil Utilizado en hormigón, paredes de ladrillo, cemento Embalado en tubo de plástico"
77,BCHP28X520SH,cincel hexagonal,"Cincel hexagonal, 28 x 520 mm, punta Resistente al desgaste, alta dureza y larga vida útil Utilizado en hormigón, paredes de ladrillo, cemento Embalado en tubo de plástico"
78,BCHF28X35X520SH,cincel hexagonal,"Cincel hexagonal, 28 x 35 x 520 mm, plano Resistente al desgaste, alta dureza y larga vida útil Utilizado en hormigón, paredes de ladrillo, cemento Embalado en tubo de plástico"
79,BFDB25,brocas Forstner,"Hoja TCT Diámetro: 25 mm Perforación rápida, afilada y fácil Se utiliza para taladrar y cortar madera Envasado en blíster doble"
80,BFDB32,brocas Forstner,"Hoja TCT Diámetro: 32 mm Perforación rápida, afilada y fácil Se utiliza para taladrar y cortar madera Envasado en blíster doble"
81,BFDB35,brocas Forstner,"Hoja TCT Diámetro: 35 mm Perforación rápida, afilada y fácil Se utiliza para taladrar y cortar madera Envasado en blíster doble"
82,BSTDBSET5,Juego de brocas escalonadas,"Juego de 5 brocas escalonadas: 1 broca de 4-12 mm (paso de 1 mm), vástago hexagonal de 1/4""; 1 broca de 4-12 mm (paso de 2 mm), vástago hexagonal de 1/4""; 1 broca de 6-18 mm (paso de 2 mm), vástago hexagonal de 1/4""; 1 broca de 4-22 mm (paso de 2 mm), vástago hexagonal de 1/4""; 1 broca de 6-35 mm (tamaños: 6-8-10-13-16-19-21-23-26-29-31-33-35 mm), vástago hexagonal de 5/16""; Material: HSS 4341. Presentación en caja de plástico."
83,BRBSET24X12,Juego de 24 brocas para fresadora,"Juego de 24 brocas para fresadora Diámetro del vástago: 1/2"" 1 broca para mortaja de 12,7 mm 1 broca combinada de 12,7 mm 1 broca de milano de 9,5 mm 1 broca de milano de 12,7 mm 1 broca para ranurado de 90° de 12,7 mm 1 broca de punta redonda de 9,5 mm 1 broca de punta redonda de 12,7 mm 1 broca de corte de 9,5 mm 1 broca piloto de panel de 6,35 mm 1 broca recta de 6,35 mm 1 broca recta de 9,5 mm 1 broca recta de 12,7 mm 1 broca recta de 19,0 mm 1 broca de corte al ras de 12,7 mm 1 broca redonda de 3,2 mm 1 broca redonda de 4,76 mm 1 broca redonda de 6,35 mm 1 broca redondeada de 9,5 mm, 1 broca cóncava de 6,35 mm, 1 broca cóncava de 9,5 mm, 1 broca ojival romana de 4,0 mm, 1 broca de chaflán de 45° de 30,0 mm, 1 broca de rebajado de 6,35 mm, 1 broca de rebajado de 12,7 mm. Embalado en caja de plástico."
84,BRBSET24X14,Juego de 24 brocas para fresadora,"Juego de 24 brocas para fresadora Diámetro del vástago: 1/4"" 1 broca para mortaja de 12,7 mm 1 broca combinada de 12,7 mm 1 broca de milano de 9,5 mm 1 broca de milano de 12,7 mm 1 broca para ranurado de 90° de 12,7 mm 1 broca de punta redonda de 9,5 mm 1 broca de punta redonda de 12,7 mm 1 broca de corte de 9,5 mm 1 broca piloto de panel de 6,35 mm 1 broca recta de 6,35 mm 1 broca recta de 9,5 mm 1 broca recta de 12,7 mm 1 broca recta de 19,0 mm 1 broca de corte al ras de 12,7 mm 1 broca redonda de 3,2 mm 1 broca redonda de 4,76 mm 1 broca redonda de 6,35 mm 1 broca redondeada de 9,5 mm 1 broca cóncava de 6,35 mm 1 broca cóncava de 9,5 mm 1 broca ogee romana de 4,0 mm 1 broca de chaflán de 45° de 30,0 mm 1 broca de rebajado de 6,35 mm 1 broca de rebajado de 12,7 mm Embalado en caja de plástico"
85,BCD115X1F,Disco de corte de metal abrasivo,"Disco de corte de centro plano de 115 mm (4-1/2"") x 1,0 mm (3/64"") x 22,2 mm (7/8"") para metal y acero inoxidable. RPM: 13300 r/min. Envasado por etiqueta."
86,BCDSET50X115X1F,Juego de discos de corte de metal abrasivo,"Disco de corte de centro plano para metal e inox., 50 unidades/juego, 115 mm (4/1/2"") x 1,0 mm (3/64"") x 22,2 mm (7/8""), 13300 rpm, empaquetado en caja de plástico."
87,BCDSET100X115X1F,Juego de discos de corte de metal abrasivo,"Disco de corte de centro plano para metal e inox. 115 mm (4-1/2"") x 1,0 mm (3/64"") x 22,2 mm (7/8"") 100 unidades/caja de metal. RPM: 13300 r/min. Embalado en caja de metal."
88,BCD125X1F,Disco de corte de metal abrasivo,"Disco de corte de centro plano de 125 mm (5"") x 1,0 mm (3/64"") x 22,2 mm (7/8"") para metal y acero inoxidable. RPM: 12200 r/min. Envasado por etiqueta."
89,BCD180X16F,Disco de corte de metal abrasivo,"Disco de corte de centro plano de 180 (7"") x 1,6 (1/16"") x 22,2 mm (7/8"") para metal e inox. RPM: 8500 r/min. Embalado en caja de color."
90,BCD230X16F,Disco de corte de metal abrasivo,"Disco de corte de centro plano de 230 mm (9"") x 1,6 mm (1/16"") x 22,2 mm (7/8"") para metal y acero inoxidable. RPM: 6650 r/min. Envasado por etiqueta."
91,BCD230X20F,Disco de corte de metal abrasivo,"Disco de corte de centro plano de 230 mm (9"") x 2 mm (5/64"") x 22,2 mm (7/8"") para metal y acero inoxidable. RPM: 6650 r/min. Envasado por etiqueta."
92,BCD355X25FS,Disco de corte de metal abrasivo,"Disco de corte de centro plano de 355 mm (14"") x 2,5 mm (3/32"") x 25,4 mm (1"") para metal e INOX. RPM: 4400 r/min. Embalado por etiqueta."
93,BCD355X30FD,Disco de corte de metal abrasivo,"Disco de corte de centro plano de 355 mm (14"") x 3,0 mm (1/8"") x 25,4 mm (1"") para metal e inox. 25 piezas/caja de color. Empacado con etiqueta."
94,BCD115X12D,Disco de corte de metal abrasivo,"Disco de corte de centro hundido para metal y acero inoxidable, 115 mm (4-1/2"") x 1,2 mm (3/64"") x 22,2 mm (7/8""). RPM: 13300 r/min. Envasado por etiqueta."
95,BCD180X16D,Disco de corte de metal abrasivo,"Disco de corte de centro hundido para metal y acero inoxidable, 180 (7"") x 1,6 (1/16"") x 22,2 mm (7/8""). RPM: 8500 r/min. Envasado con etiqueta."
96,BCD230X19D,Disco de corte de metal abrasivo,"Disco de corte de centro hundido para metal y acero inoxidable, 230 mm (9"") x 1,9 mm (5/64"") x 22,2 mm (7/8""). RPM: 6650 r/min. Envasado con etiqueta."
97,BCD230X30D,Disco de corte de metal abrasivo,"Disco de corte de centro hundido para metal e inox., 230 mm (9"") x 3,0 mm (1/8"") x 22,2 mm (7/8""), 25 unidades por caja de color, RPM: 6650 r/min, empaquetado con etiqueta."
98,BCD115X60D,Disco abrasivo para amolar metales,"Disco de amolar de centro hundido para metal, 115 mm (4-1/2"") x 6,0 mm (1/4"") x 22,2 mm (7/8""). Embalado por etiqueta."
99,BCD180X60D,Disco abrasivo para amolar metales,"Disco de amolar de centro hundido para metal, 180 mm (7"") x 6,0 mm (1/4"") x 22,2 mm (7/8""). Embalado por etiqueta."
100,BCD230X60D,Disco abrasivo para amolar metales,"Disco de amolar de centro hundido para metal, 230 mm (9"") x 6,0 mm (1/4"") x 22,2 mm (7/8""). Embalado por etiqueta."
101,BFD115P40,Disco de láminas,"Tamaño: 115 mm x 22,2 mm, P40 Fabricado con grano de óxido de aluminio de primera calidad/Disco de láminas de zirconiaAluminio/Zirconia

Adecuado para acero de alta resistencia, acero, hierro fundido y chapa de acero. Envasado por etiqueta."
102,BFD115P60,Disco de láminas,"Tamaño: 115 mm x 22,2 mm, P60 Fabricado con grano de óxido de aluminio de primera calidad //Disco de láminas de zirconiaAluminio/Zirconia
Adecuado para acero de alta resistencia, acero, hierro fundido y chapa de acero. Envasado por etiqueta."
103,BFD115P80,Disco de láminas,"Tamaño: 115 mm x 22,2 mm, P80 Fabricado con grano de óxido de aluminio de primera calidad Adecuado para acero alto, acero, hierro fundido y chapa de acero Embalado por etiqueta"
104,BSS10X125,Hoja de lija para lijadora orbital aleatoria,"Tamaño: 125 mm

10 piezas/juego P40x2 piezas P80x3 piezas P120x3 piezas P180x2 piezas

Empacado con tarjeta de papel"
105,BSS10X150,Hoja de lija para lijadora orbital aleatoria,"Tamaño: 150 mm

10 piezas/juego P40x2 piezas P80x3 piezas P120x3 piezas P180x2 piezas

Empacado con tarjeta de papel"
106,BDDD115,Disco de diamante seco,"115 (4-1/2"") X 22,2 mm Ancho de la hoja: 10 mm Diseñado para cortar piedra, incluidos hormigón, ladrillo, piedra caliza, granito y mármol Adecuado tanto para corte húmedo como seco Embalado en caja de color"
107,BDDD125,Disco de diamante seco,"125 (5 "") X 22,2 mm Ancho de la hoja: 10 mm Diseñado para cortar piedra, incluidos hormigón, ladrillo, piedra caliza, granito y mármol Adecuado tanto para corte húmedo como seco Embalado en caja de color"
108,BDDD180,Disco de diamante seco,"180 (7 "") X 22,2 mm Ancho de la hoja: 10 mm Diseñado para cortar piedra, incluidos hormigón, ladrillo, piedra caliza, granito y mármol Adecuado tanto para corte húmedo como seco Embalado en caja de color"
109,BDDD230,Disco de diamante seco,"230 (9 "") X 22,2 mm Ancho de la hoja: 10 mm Diseñado para cortar piedra, incluidos hormigón, ladrillo, piedra caliza, granito y mármol Adecuado tanto para corte húmedo como seco Embalado en caja de color"
110,BTDD115,Disco de diamante turbo,"115 (4-1/2"") X 22,2 mm Ancho de la hoja: 10 mm Diseñado para cortar piedra, incluidos hormigón, ladrillo, piedra caliza, granito y mármol Adecuado tanto para corte húmedo como seco Embalado en caja de color"
111,BTDD180,Disco de diamante turbo,"180 (7 "") X 22,2 mm Ancho de la hoja: 10 mm Diseñado para cortar piedra, incluidos hormigón, ladrillo, piedra caliza, granito y mármol Adecuado tanto para corte húmedo como seco Embalado en caja de color"
112,BWDD115,Disco de diamante húmedo,"115 (4-1/2"") X 22,2 mm Ancho de la hoja: 8 mm Diseñado para cortar piedra, incluidos hormigón, ladrillo, piedra caliza, granito y mármol Adecuado para corte húmedo Embalado en caja de color"
113,BWDD125,Disco de diamante húmedo,"125 (5"") X 22,2 mm Ancho de la hoja: 8 mm Diseñado para cortar piedra, incluidos hormigón, ladrillo, piedra caliza, granito y mármol Adecuado para corte húmedo Embalado en caja de color"
114,BWDD180,Disco de diamante húmedo,"180 (7"") X 22,2 mm Ancho de la hoja: 8 mm Diseñado para cortar piedra, incluidos hormigón, ladrillo, piedra caliza, granito y mármol Adecuado para corte húmedo Embalado en caja de color"
115,BWDD230,Disco de diamante húmedo,"230 (9"") X 22,2 mm Ancho de la hoja: 8 mm Diseñado para cortar piedra, incluidos hormigón, ladrillo, piedra caliza, granito y mármol Adecuado para corte húmedo Embalado en caja de color"
116,BTCW115,Muelas de copa de diamante,"Diámetro: 115 mm Ancho de la hoja: 20 mm Eje: 22,22 mm Embalado en blíster doble"
117,BTCW125,Muelas de copa de diamante,"Diámetro: 125 mm Ancho de la hoja: 20 mm Eje: 22,22 mm Embalado en blíster doble"
118,BTCW150,Muelas de copa de diamante,"Diámetro: 150 mm Ancho de la hoja: 20 mm Eje: 22,22 mm Embalado en caja de color"
119,BDCW115,Muelas de copa de diamante,"Diámetro: 115 mm 18 piezas de cuchillas Eje: 22,22 mm Embalado en blíster doble"
120,BDCW125,Muelas de copa de diamante,"Diámetro: 125 mm 20 piezas de cuchillas Eje: 22,22 mm Embalado en blíster doble"
121,BDCW150,Muelas de copa de diamante,"Diámetro: 150 mm 22 piezas de cuchillas Eje: 22,22 mm Embalado en caja de color"
122,BTCT40X115,Hoja de sierra TCT,"115 mm (4-1/2""), 40 dientes, mandril: 22,2 mm, anillo reductor: 16 mm, corte de madera, embalado en blíster doble"
123,BTCT24X185,Hoja de sierra TCT,"185 mm (7-1/4"") 24T, eje: 20 mm Con anillo de reducción de 16 mm. Embalado en blíster doble"
124,BTCT40X185,Hoja de sierra TCT,"185 mm (7-1/4"") 40T, eje: 20 mm Con anillo de reducción de 16 mm Embalado en blíster doble"
125,BTCT60X185,Hoja de sierra TCT,"185 mm (7-1/4"") 60T, eje: 20 mm Con anillo de reducción de 16 mm  Embalado en blíster doble"
126,BTCT40X235,Hoja de sierra TCT,"235 mm (9-1/4"") 40T, mandril: 30 mm, 16 mm y anillo de 25,4 Embalado en blíster doble"
127,BTCT60X235,Hoja de sierra TCT,"235 mm (9-1/4"") 60T, mandril: 30 mm, 16 mm y anillo de 25,4 Embalado en blíster doble"
128,BTCT100X235AL,Hoja de sierra TCT,"Tamaño: 235 mm (9-1/4"") Número de dientes: 100T Eje: 30 mm (1-1/6"") Anillo de reducción: 16 mm (5/8"") y 25,4 mm (1"") Para corte de aluminio Embalado en blíster doble"
129,BTCT40X254,Hoja de sierra TCT,"254 mm (10"") 40T, eje: 30 mm 16 mm y anillo de 25,4 Embalado en blíster doble"
130,BTCT60X254,Hoja de sierra TCT,"254 mm (10"") 60T, mandril: 30 mm Anillo de 16 mm y 25,4 mm  Embalado en blíster doble"
131,BTCT100X254,Hoja de sierra TCT,"254 mm (10"") 100T, mandril: 30 mm Anillo de 16 mm y 25,4 mm Embalado en blíster doble"
132,BTCT60X305,Hoja de sierra TCT,"305 mm (12"") 60T, mandril: 30 mm, anillo de 16 mm y 25,4 mm Embalado en caja de color"
133,BTCT60X210AL,Hoja de sierra TCT para aluminio,"210 mm (8-1/4"") 60T, mandril: 30 mm Anillo de 16 mm y 25,4 mm Embalado en blíster doble"
134,BWCB75,Cepillo de copa de alambre,"Diámetro: 75 mm, 3"" Rosca: 5/8""- 11UNC Diámetro del alambre: 0,3 mm Longitud del alambre: 23 mm RPM: 12500 r/min Aplicar en: cepillado, desbarbado, bruñido de bordes, desincrustación/decapado de pintura, costuras de soldadura Adecuado para: Acero, acero fundido, madera blanda, madera dura Embalado en blíster doble"
135,BWCB100,Cepillo de copa de alambre,"Diámetro: 100 mm, 4"" Rosca: 5/8""- 11UNC Diámetro del alambre: 0,3 mm Longitud del alambre: 30 mm RPM: 8500 r/min Aplicar en: cepillado, desbarbado, bruñido de bordes, desincrustación/decapado de pintura, costuras de soldadura Adecuado para: Acero, acero fundido, madera blanda, madera dura Embalado en blíster doble"
136,BWCB125,Cepillo de copa de alambre,"Diámetro: 125 mm, 5"" Rosca: 5/8""-11UNC Diámetro del alambre: 0,3 mm Longitud del alambre: 30 mm RPM: 6500 r/min Aplicar en: cepillado, desbarbado, bruñido de bordes, desincrustación/decapado de pintura, costuras de soldadura Adecuado para: Acero, acero fundido, madera blanda, madera dura Embalado en blíster doble"
137,BWCB75M,Cepillo de copa de alambre,"Diámetro: 75 mm, 3"" Rosca: 5/8""-11UNC Diámetro del alambre: 0,5 mm Longitud del alambre: 23 mm RPM: 12 500 r/min Aplicar en: desbaste, desincrustación/decapado de pintura, costuras de soldadura Adecuado para: Acero, acero fundido Envasado en blíster doble"
138,BWCB100M,Cepillo de copa de alambre,"Diámetro: 100 mm, 4"" Rosca: 5/8""-11UNC Diámetro del alambre: 0,5 mm Longitud del alambre: 30 mm RPM: 8500 r/min Aplicar en: desbaste, desincrustación/decapado de pintura, costuras de soldadura Adecuado para: Acero, acero fundido Envasado en blíster doble"
139,BWCB125M,Cepillo de copa de alambre,"Diámetro: 125 mm, 5"" Rosca: 5/8""-11UNC Diámetro del alambre: 0,5 mm Longitud del alambre: 30 mm RPM: 6500 r/min Aplicar en: desbaste, desincrustación/decapado de pintura, costuras de soldadura Adecuado para: Acero, acero fundido Envasado en blíster doble"
140,BWCB150M,Cepillo de copa de alambre,"Diámetro: 150 mm, 6"" Rosca: 5/8""-11UNC Diámetro del alambre: 0,5 mm Longitud del alambre: 40 mm RPM: 4500 r/min Aplicar en: desbaste, desincrustación/decapado de pintura, costuras de soldadura Adecuado para: Acero, acero fundido Envasado en blíster doble"
141,BWCB50P,Cepillo de copa de alambre,"Diámetro: 50 mm, 2"" Diámetro del vástago: 1/4"" Diámetro del alambre: 0,3 mm Longitud del alambre: 17 mm RPM: 4500 r/min Aplicar en: cepillado, desbarbado, bruñido de bordes, desincrustación/decapado de pintura, costuras de soldadura Adecuado para: Acero, acero fundido, madera blanda, madera dura Embalado en blíster doble"
142,BWCB75P,Cepillo de copa de alambre,"Diámetro: 75 mm, 3"" Diámetro del vástago: 1/4"" Diámetro del alambre: 0,3 mm Longitud del alambre: 20 mm RPM: 4500 r/min Aplicar en: cepillado, desbarbado, bruñido de bordes, desincrustación/decapado de pintura, costuras de soldadura Adecuado para: Acero, acero fundido, madera blanda, madera dura Embalado en blíster doble"
143,BWCB50PF,ruedas de alambre,"Diámetro: 50 mm, 2"" Diámetro del vástago: 1/4"" Diámetro del alambre: 0,3 mm Longitud del alambre: 10 mm RPM: 4500 r/min Aplicar en: cepillado, desbarbado, bruñido de bordes, desincrustación/decapado de pintura, costuras de soldadura Adecuado para: Acero, acero fundido, madera blanda, madera dura Embalado en blíster doble"
144,BWCB75PF,ruedas de alambre,"Diámetro: 75 mm, 3"" Diámetro del vástago: 1/4"" Diámetro del alambre: 0,3 mm Longitud del alambre: 16 mm RPM: 4500 r/min Aplicar en: cepillado, desbarbado, bruñido de bordes, desincrustación/decapado de pintura, costuras de soldadura Adecuado para: Acero, acero fundido, madera blanda, madera dura Embalado en blíster doble"
145,BWCB100PF,ruedas de alambre,"Diámetro: 100 mm, 4"" Diámetro del vástago: 1/4"" Diámetro del alambre: 0,3 mm Longitud del alambre: 22 mm RPM: 4500 r/min Aplicar en: cepillado, desbarbado, bruñido de bordes, desincrustación/decapado de pintura, costuras de soldadura Adecuado para: Acero, acero fundido, madera blanda, madera dura Embalado en blíster doble"
146,BWCB25P,Pincel de lápiz,"Diámetro: 25 mm, 1"" Diámetro del vástago: 1/4"" Diámetro del alambre: 0,3 mm Longitud del alambre: 25 mm RPM: 4500 r/min Aplicar en: cepillado, desbarbado, bruñido de bordes, desincrustación/decapado de pintura, costuras de soldadura Adecuado para: Acero, acero fundido, madera blanda, madera dura Embalado en blíster doble"
149,BISB2X50P1,Puntas de destornillador de impacto,"Puntas de destornillador de impacto PH1,50 mm, 2 piezas/juego, acero industrial S2, superficie negra con imán, empaquetado en blíster doble."
150,BISB1X100P1,Punta de destornillador de impacto,"Punta de destornillador de impacto PH1, 100 mm, 1 pieza de acero industrial S2, superficie negra con imán, empaquetado en blíster doble."
151,BISB1X150P1,Punta de destornillador de impacto,"Punta de destornillador de impacto PH1, 150 mm, 1 pieza de acero industrial S2, superficie negra con imán, empaquetado en blíster doble."
152,BISB1X200P1,Punta de destornillador de impacto,"Punta de destornillador de impacto PH1, 200 mm, 1 pieza de acero industrial S2, superficie negra con imán, empaquetado en blíster doble."
153,BISB2X25P2,Puntas de destornillador de impacto,"Puntas de destornillador de impacto PH2, 25 mm, 2 piezas/juego, acero industrial S2, superficie negra con imán, empaquetado en blíster doble."
154,BISB2X50P2,Puntas de destornillador de impacto,"Puntas de destornillador de impacto PH2, 50 mm, 2 piezas/juego, acero industrial S2, superficie negra con imán, empaquetado en blíster doble."
155,BISB2X65P2S,Puntas de destornillador de impacto,"Puntas de destornillador de impacto PH2+SL6,65 mm,2 piezas/juego, acero industrial S2, superficie negra con imán, empaquetado en blíster doble."
156,BISB2X65P2,Puntas de destornillador de impacto,"Puntas de destornillador de impacto PH2+PH2, 65 mm, 2 piezas/juego, acero industrial S2, superficie negra con imán, empaquetado en blíster doble."
157,BISB1X100P2,Punta de destornillador de impacto,"Punta de destornillador de impacto PH2, 100 mm, 1 pieza de acero industrial S2, superficie negra con imán, empaquetado en blíster doble."
158,BISB1X150P2,Punta de destornillador de impacto,"Punta de destornillador de impacto PH2, 150 mm, 1 pieza de acero industrial S2, superficie negra con imán, empaquetado en blíster doble."
159,BISB1X200P2,Punta de destornillador de impacto,"Punta de destornillador de impacto PH2, 200 mm, 1 pieza de acero industrial S2, superficie negra con imán, empaquetado en blíster doble."
160,BISB1X250P2,Punta de destornillador de impacto,"Punta de destornillador de impacto PH2, 250 mm, 1 pieza de acero industrial S2, superficie negra con imán, empaquetado en blíster doble."
161,BISB2X25P3,Puntas de destornillador de impacto,"Puntas de destornillador de impacto PH3,25 mm,2 piezas/juego, acero industrial S2, superficie negra con imán, empaquetado en blíster doble."
162,BISB2X50P3,Puntas de destornillador de impacto,"Puntas de destornillador de impacto PH3,50 mm,2 piezas/juego S2 acero industrial Superficie negra con imán Embalado en blíster doble"
163,BISB2X25Z2,Puntas de destornillador de impacto,"Puntas de destornillador de impacto PZ2, 25 mm, 2 piezas/juego, acero industrial S2, superficie negra con imán, empaquetado en blíster doble."
164,BISB2X50Z2,Puntas de destornillador de impacto,"Puntas de destornillador de impacto PZ2, 50 mm, 2 piezas/juego, acero industrial S2, superficie negra con imán, empaquetado en blíster doble."
165,BISB10X50P2,Puntas de destornillador de impacto,"Punta de destornillador de impacto PH2 50 mm, 10 piezas/juego Con funda de alta visibilidad La zona de impacto optimizada más grande reduce las roturas de la punta Acero industrial S2 Superficie negra con imán Embalado en caja de plástico"
166,BISB10X65P22,Puntas de destornillador de impacto,"Punta de destornillador de impacto PH2 + PH2 65 mm, 10 piezas/juego Con funda de alta visibilidad La zona de impacto optimizada más grande reduce las roturas de la punta Acero industrial S2 Superficie negra con imán Embalado en caja de plástico"
167,BISB10X65P2S,Puntas de destornillador de impacto,Punta de destornillador de impacto PH2+SL6.0*1.0 65 mm 10 piezas/juego Con funda de alta visibilidad La zona de impacto optimizada más grande reduce las roturas de la punta Acero industrial S2 Superficie negra con imán Embalado en caja de plástico
168,BSBS30X25,Juego de 30 puntas de destornillador de impacto de 25 mm,29 puntas de destornillador de impacto de 25 mm PH1-2-2-2-3 SL3-4-5-6-7 PZ1-2-2-2-3 T10-15-20-25-27-30-40 H3-4-5-6 S1-2-3 1 portapuntas de liberación rápida Embalado en caja de plástico
169,BSBS10X50P2,Puntas de destornillador,"PH2, 50 mm, 10 piezas/juego S2 acero industrial niquelado magnético Embalado en caja de plástico"
170,BSBS10X65P2S,Puntas de destornillador,"PH2+SL6.0, 65 mm, 10 piezas/juego de brocas de doble extremo de acero industrial S2, niqueladas y magnéticas. Embaladas en caja de plástico."
171,BSBS10X65P2,Puntas de destornillador,"PH2+PH2, 65 mm, 10 piezas/juego S2 acero industrial niquelado magnético Embalado en caja de plástico"
172,BSBH80,Portapuntas de destornillador de extensión con imán,"Longitud mínima: 80 mm (3-1/8"") Longitud máxima: 125 mm (5"") Vástago hexagonal de 1/4"" (6,35 mm) El manguito guía de accionamiento del tornillo se desliza para cubrir el tornillo largo y ayuda a posicionarlo mientras se atornilla. Empacado en blíster doble."
173,BSBH60,Portapuntas de destornillador con liberación,"60 mm, 2 piezas/juego Material: acero + Cr-v + aluminio Embalado en blíster doble"
174,BSBSET9,Juego de 9 puntas de destornillador,"Juego de 9 puntas de destornillador PH1, PH2, PH3, SL4.0, SL5.5, SL6.5, PZ1, PZ2 Material: acero industrial S2 Con imán Magnético fuerte Con 1 portapuntas con liberación rápida Embalado en blíster doble"
175,BMNS3X516,Juego de 3 tuercas magnéticas de impacto,"5/16"", 3 piezas/juego Vástago: hexagonal de 1/4"" Longitud: 65 mm Material: 50BV30 Con imán fuerte Embalado en blíster doble"
176,BMNS3X38,Juego de 3 tuercas magnéticas de impacto,"3/8"", 3 piezas/juego Vástago: hexagonal de 1/4"" Longitud: 65 mm Material: 50BV30 Con imán fuerte Embalado en blíster doble"
177,BISA3X,Adaptador de vaso de impacto,"Juego de 3 piezas de 1/4"", 3/8"", 1/2"". Vástago: hexagonal de 1/4"". Material: 50BV30. Longitud I: 65 mm (1/4"", 3/8""). Longitud II: 73 mm (1/2""). Embalado en una caja de cartón."
178,BISBSET31,Juego de 31 puntas de destornillador de impacto,"Juego de 31 puntas para destornillador de impacto: 14 puntas de 25 mm PH1/2/3 PZ1/2/3 SL3/4/5/6 T20/T25/T27T30; 10 puntas de 50 mm PH1/2/2/3 PZ1/2/2/3 SL5/SL6; 3 tuercas magnéticas de 48 mm (1/4"", 5/16"" y 3/8""); 3 puntas de 89 mm PH2/PZ2/SL6; 1 portapuntas para destornillador de impacto. Envasado en blíster doble."
179,BISBSET49,Juego de 49 puntas de destornillador de impacto,"Juego de 49 puntas para destornillador de impacto. Juego de 9 puntas de 50 mm para destornillador de impacto PH1/PH2/PZ1/PZ2/SL4/SL5/SL6/T25/T30. Juego de 26 puntas de 25 mm para destornillador de impacto PH1/PH2/PH2/PH3/PZ1/PZ2/PZ2/PZ3/SL3/SL4/SL5/SL6/H3/H4/H5/H6/S1/S2/S3/T10/T15/T20/T25/T27/T30/T40. 1 adaptador. Juego de 2 puntas de 89 mm para destornillador de impacto PH2/SL5. 5 brocas HSS 4341 de 5/64"", 1/8"", 5/32"", 3/16"", 1/4"". 5 tuercas magnéticas de 48 mm. Portapuntas de destornillador de 1/4"", 1/4"", 5/16"", 5/16"", 3/8"", 1 unidad, empaquetado en blíster doble"
180,BISBSET51,Juego de 51 puntas de destornillador de impacto,"Juego de 51 puntas de destornillador de impacto 29 puntas de destornillador de impacto de 25 mm: PH1/PH2/PH2/PH2/PH3/PZ1/PZ2/PZ2/PZ2/PZ3/SL4/SL5/SL5/SL5.5/SL6/T10/T15/T20/T20/T25/T25/T27/T30/T35/T40/H3/H4/H5/H6 17 puntas de destornillador de impacto de 50 mm: PH1/PH2/PH2/PH3/PZ1/PZ2/PZ2/PZ3/SL4/SL5/SL5/SL6/T15/T20/T25/T27/T30 3 tuercas magnéticas de 48 mm de 1/4"", 5/16"" y 3/8"" 1 soporte para puntas de destornillador de impacto 1 soporte para puntas de destornillador de impacto con liberación Embalado en blíster doble"
181,BSES5X,Juego de extractores de tornillos de 5 piezas,"Material: Cr-V Tamaño: 3 ~ 6 mm (1#), 6 ~ 8 mm (2#), 8 ~ 11 mm (3#), 11 ~ 14 mm (4#), 14 ~ 18 mm (5#) Dureza: 48 ~ 52HRC Rosca gruesa Embalado en caja de plástico"
182,BJSB5XW,Hoja de sierra de calar para madera,"Velocidad para madera Longitud total: 100 mm (4"") Longitud de trabajo: 74 mm (3"") 8TPI Material: HCS Dientes rectificados y laterales 5 piezas/juego Aplicación en madera blanda (4-50 mm), tableros aglomerados, madera contrachapada con núcleo de madera, tableros de fibra, corte rápido Embalado en blíster doble"
183,BJSB5XM,Hoja de sierra de calar para metal,"Básico para metal Longitud total: 76 mm (3"") Longitud de trabajo: 50 mm (2"") 12 TPI Material: HSS Dientes fresados ​​y ondulados 5 piezas/juego Aplicación en chapa metálica de espesor medio (2,5-6 mm) Embalado en blíster doble"
184,BJSB5X,Juego de hojas de sierra de calar,2 piezas JSBT111C para madera 2 piezas JSBT118B para metal 1 pieza JSBT127D para aluminio 5 piezas/juego Embalado en blíster doble
185,BRSB2X150W,Hojas de sierra recíproca para madera,"Velocidad para madera Longitud total: 150 mm (6"") 6TPI Material: HCS Dientes rectificados y laterales 2 piezas/juego Adecuado para RS8008 Aplicación en madera de construcción (6-100 mm), paneles de madera (<75 mm), tableros de viruta, MDF (6-60 mm), madera contrachapada, plástico (6-100 mm) Embalado en blíster"
186,BRSB10X150,Juego de hojas de sierra alternativa,"10 piezas/juego 3 piezas 150*19*1,2 mm*6T, corte para madera con clavos, dientes fresados ​​y laterales 2 piezas 150*19*0,92 mm*18T, corte para metal, dientes fresados ​​y ondulados 3 piezas 150*19*0,92 mm*10T, corte para metal, dientes fresados ​​y ondulados 2 piezas 200*19*1,2 mm*6T, corte para madera con clavos, dientes fresados ​​y laterales Material: BI-Metal Embalado en blíster doble"
187,BBIM16,Sierra de corona bimetálica HSS,"Diámetro: 16 mm (5/8"") Profundidad de corte: 38 mm (1 1/2"") Material: HSS M3 Bimetálico Dientes variables 4/6 Embalado en blíster doble"
188,BBIM19,Sierra de corona bimetálica HSS,"Diámetro: 19 mm (3/4"") Profundidad de corte: 38 mm (1 1/2"") Material: HSS M3 Bimetálico Dientes variables 4/6 Embalado en blíster doble"
189,BBIM22,Sierra de corona bimetálica HSS,"Diámetro: 22 mm (7/8"") Profundidad de corte: 38 mm (1 1/2"") Material: HSS M3 Bimetálico Dientes variables 4/6 Embalado en blíster doble"
190,BBIM25,Sierra de corona bimetálica HSS,"Diámetro: 25 mm (1"") Profundidad de corte: 38 mm Material: HSS M3 Bimetálico Dientes variables 4/6 Embalado en blíster doble"
191,BBIM29,Sierra de corona bimetálica HSS,"Diámetro: 29 mm (1-1/8"") Profundidad de corte: 38 mm Material: HSS M3 Bimetálico Dientes variables 4/6 Embalado en blíster doble"
192,BBIM32,Sierra de corona bimetálica HSS,"Diámetro: 32 mm (1-1/4"") Profundidad de corte: 38 mm Material: HSS M3 Bimetálico Dientes variables 4/6 Embalado en blíster doble"
193,BBIM35,Sierra de corona bimetálica HSS,"Diámetro: 35 mm (1-3/8"") Profundidad de corte: 38 mm Material: HSS M3 Bimetálico Dientes variables 4/6 Embalado en blíster doble"
194,BBIM38,Sierra de corona bimetálica HSS,"Diámetro: 38 mm (1-1/2"") Profundidad de corte: 38 mm (1 1/2"") Material: HSS M3 Bimetálico Dientes variables 4/6 Embalado en blíster doble"
195,BBIM44,Sierra de corona bimetálica HSS,"Diámetro: 44 mm (1-3/4"") Profundidad de corte: 38 mm (1-1/2"") Material: HSS M3 Bimetálico Dientes variables 4/6 Embalado en blíster doble"
196,BBIM46,Sierra de corona bimetálica HSS,"Diámetro: 46 mm (1-13/16"") Profundidad de corte: 38 mm (1-1/2"") Material: HSS M3 Bimetálico Dientes variables 4/6 Embalado en blíster doble"
197,BBIM51,Sierra de corona bimetálica HSS,"Diámetro: 51 mm (2"") Profundidad de corte: 38 mm (1 1/2"") Material: HSS M3 Bimetálico Dientes variables 4/6 Embalado en blíster doble"
198,BBIM57,Sierra de corona bimetálica HSS,"Diámetro: 57 mm (2-1/4"") Profundidad de corte: 38 mm (1 1/2"") Material: HSS M3 Bimetálico Dientes variables 4/6 Embalado en blíster doble"
199,BBIM64,Sierra de corona bimetálica HSS,"Diámetro: 64 mm (2-1/2"") Profundidad de corte: 38 mm (1 1/2"") Material: HSS M3 Bimetálico Dientes variables 4/6 Embalado en blíster doble"
200,BBIM68,Sierra de corona bimetálica HSS,"Diámetro: 68 mm (2-11/16"") Profundidad de corte: 38 mm (1 1/2"") Material: HSS M3 Bimetálico Dientes variables 4/6 Embalado en blíster doble"
201,BBIM76,Sierra de corona bimetálica HSS,"Diámetro: 76 mm (3"") Profundidad de corte: 38 mm (1 1/2"") Material: HSS M3 Bimetálico Dientes variables 4/6 Embalado en blíster doble"
202,BBIM102,Sierra de corona bimetálica HSS,"Diámetro: 102 mm (4"") Profundidad de corte: 38 mm (1 1/2"") Material: HSS M3 Bimetálico Dientes variables 4/6 Embalado en blíster doble"
203,BBIM114,Sierra de corona bimetálica HSS,"Diámetro: 114 mm (4-1/2"") Profundidad de corte: 38 mm (1 1/2"") Material: HSS M3 Bimetálico Dientes variables 4/6 Embalado en blíster doble"
204,BBIM152,Sierra de corona bimetálica HSS,"Diámetro: 152 mm (6"") Profundidad de corte: 38 mm (1 1/2"") Material: HSS M3 Bimetálico Dientes variables 4/6 Embalado en blíster doble"
205,BAHS38H12X20,Mandril para sierra de corona,"Mandril para sierra de corona Vástago hexagonal de 3/8"" Compatible con sierras de corona de 14 mm a 30 mm Embalado en blíster doble"
206,BAHS716H58X18,Mandril para sierra de corona,"Mandril para sierra de corona. Vástago hexagonal de 7/16"". Compatible con sierras de corona de 32 mm a 210 mm. Empacado en blíster doble."
207,BAHS716H12X20,Mandril para sierra de corona,"Mandril para sierra de corona de 7/16"" con vástago hexagonal, tamaño de rosca: 1/2""*20UNF. Compatible con sierras de corona: 9/16""(14 mm) a 1-3/16""(30 mm) con broca HSS de 6 mm. Embalado en blíster doble."
208,BAHSSP12X20,Mandril para sierra de corona,"Mandril para sierra de corona SDS Plus, tamaño de rosca de vástago: 1/2""*20UNF, compatible con sierras de corona: 9/16"" (14 mm) a 1-3/16"" (30 mm) con broca HSS de 6 mm, empaquetado en blíster doble"
209,BAHSP58X18,Mandril para sierra de corona,"Mandril para sierra de corona SDS Plus, tamaño de rosca de vástago: 5/8""*18UNF. Compatible con sierras de corona: 1-1/4""(32 mm) a 8-17/64""(210 mm) con broca HSS de 6 mm. Embalado en blíster doble."
210,BLIH3X,Juego de 3 sierras perforadoras para instalación de cerraduras,"Juego de 3 piezas: 1 sierra de corona de acero al carbono de 54 mm, 1 mandril de 3/8"" para sierra de corona, 1 broca plana para madera de 7/8"" (embalaje en blíster doble)"
211,BBIM7XSET,Juego de sierras de corona bimetálicas,"Juego de 7 sierras de corona bimetálicas. Tamaño: 19 mm (3/4""), 22 mm (7/8""), 29 mm (1-1/8""), 32 mm (1-1/4""), 35 mm (1-3/8""). 1 adaptador: roscas de 1/2"" a 20"" para sierras de corona de 5/8"" a 18"". 1 mandril: vástago hexagonal de 3/8"", tamaño adecuado: 9/16"" a 1-3/16"". Embalado en blíster doble."
212,BBIM13XSET,Juego de sierras de corona bimetálicas,"Juego de 13 sierras de corona bimetálicas. Material: HSS M3 bimetálico. Tamaño: 19 mm (3/4"")/22 mm (7/8"")/29 mm (1-1/8"")/35 mm (1-3/8"")/38 mm (1-1/2"")/44 mm (1-3/4"")/51 mm (2"")/57 mm (2-1/4"")/64 mm (2-1/2""). 1 mandril: vástago hexagonal de 3/8"", tamaño de ajuste: 9/16"" ~ 1-3/16"". 1 mandril: vástago hexagonal de 7/16"", tamaño de ajuste: 1-1/4"" ~ 8-17/64"". 1 adaptador de mandril con roscas de 1/2-20 para sierras de corona de 5/8-18. 1 broca piloto. 1 llave hexagonal. Embalado en caja de plástico."
213,BCHS33,Sierra de corona con grano de carburo,"33 mm (1-19/64"") Material: YG8C + A3 Compatible con HSA03 Embalado en blíster doble"
214,BCHS43,Sierra de corona con grano de carburo,"43 mm (1-11/16"") Material: YG8C + A3 Compatible con HSA03 Embalado en blíster doble"
215,BCHS67,Sierra de corona con grano de carburo,"67 mm (2-41/64"") Material: YG8C + A3 Compatible con HSA03 Embalado en blíster doble"
216,BCHS83,Sierra de corona con grano de carburo,"83 mm (3-17/64"") Material: YG8C + A3 Compatible con HSA03 Embalado en blíster doble"
217,BALP1X140,Juego de mandril para sierra de corona con grano de carburo,"1 pieza de placa de ubicación de aluminio 1 pieza de broca piloto RPM mínimas: 800 RPM máximas: 1600 Adecuado para sierras de corona de carburo Φ33, Φ43, Φ53, Φ63, Φ67, Φ73, Φ83 Embalado en blíster doble"
218,BCHS6X,Juego de 6 sierras de corona con grano de carburo,"Sierra de corona Tamaño: 33 mm, 53 mm, 73 mm, 83 mm 1 pieza de placa de ubicación de aluminio 1 pieza de broca piloto Embalado en blíster doble"
,,,
,,,
,,,
,,,