ID,Code,Name,Description,,,,
1,BCRSL3X75,Destornillador de punta plana,"Tipo de punta: ranurada 
Tamaño de la punta: 3,0 mm 
Vástago redondo 
Diámetro: 3,0 mm Longitud: 75 mm 
Material: acero Cr-V 
Acabado de la hoja: punta negra Punta magnetizada Mango de agarre suave y cómodo Embalado en una percha de plástico",,,,
2,BCRSL4X100,Destornillador de punta plana,"Tipo de punta: ranurada 
Tamaño de la punta: 4,0 mm Vástago redondo 
Diámetro: 4,0 mm 
Longitud: 100 mm 
Material: acero Cr-V 
Acabado de la hoja: punta negra Punta magnetizada Mango de agarre suave y cómodo Embalado en una percha de plástico",,,,
3,BCRSL5X75,Destornillador de punta plana,"Tipo de punta: ranurada Tamaño de la punta: 5,5 mm Vástago redondo Diámetro: 5,0 mm Longitud: 75 mm Material: acero Cr-V Acabado de la hoja: punta negra Punta magnetizada Mango de agarre suave y cómodo Embalado en una percha de plástico",,,,
4,BCRSL5X100,Destornillador de punta plana,"Tipo de punta: ranurada Tamaño de la punta: 5,5 mm Vástago redondo Diámetro: 5,0 mm Longitud: 100 mm Material: acero Cr-V Acabado de la hoja: punta negra Punta magnetizada Mango de agarre suave y cómodo Embalado en una percha de plástico",,,,
5,BCRSL6X38,Destornillador de punta plana,"Tipo de punta: ranurada Tamaño de la punta: 6,5 mm Vástago redondo Diámetro: 6,0 mm Longitud: 38 mm Material: acero Cr-V Acabado de la hoja: punta negra Punta magnetizada Mango de agarre suave y cómodo Embalado en una percha de plástico",,,,
6,BCRSL6X100,Destornillador de punta plana,"Tipo de punta: ranurada Tamaño de la punta: 6,5 mm Vástago redondo Diámetro: 6,0 mm Longitud: 100 mm Material: acero Cr-V Acabado de la hoja: punta negra Punta magnetizada Mango de agarre suave y cómodo Embalado en una percha de plástico",,,,
7,BCRSL6X150,Destornillador de punta plana,"Tipo de punta: ranurada Tamaño de la punta: 6,5 mm Vástago redondo Diámetro: 6,0 mm Longitud: 150 mm Material: acero Cr-V Acabado de la hoja: punta negra Punta magnetizada Mango de agarre suave y cómodo Embalado en una percha de plástico",,,,
8,BCRSL8X150,Destornillador de punta plana,"Tipo de punta: ranurada Tamaño de la punta: 8,0 mm Vástago redondo Diámetro: 8,0 mm Longitud: 150 mm Material: acero Cr-V Acabado de la hoja: punta negra Punta magnetizada Mango de agarre suave y cómodo Embalado en una percha de plástico",,,,
9,BCRSL8X200,Destornillador de punta plana,"Tipo de punta: ranurada Tamaño de la punta: 8,0 mm Vástago redondo Diámetro: 8,0 mm Longitud: 200 mm Material: acero Cr-V Acabado de la hoja: punta negra Punta magnetizada Mango de agarre suave y cómodo Embalado en una percha de plástico",,,,
10,BCRPH0X75,Destornillador phillips,"Tipo de punta: Phillips Tamaño de la punta: PH0 Diámetro del vástago redondo: 3,0 mm Longitud: 75 mm Material: Acero Cr-V Acabado de la hoja: punta negra Punta magnetizada Mango de agarre suave y cómodo Embalado en una percha de plástico",,,,
11,BCRPH1X100,Destornillador phillips,"Tipo de punta: Phillips Tamaño de la punta: PH1 Vástago redondo Diámetro: 5,0 mm Longitud: 100 mm Material: Acero Cr-V Acabado de la hoja: punta negra Punta magnetizada Mango de agarre suave y cómodo Embalado en una percha de plástico",,,,
12,BCRPH2X38,Destornillador phillips,"Tipo de punta: Phillips Tamaño de la punta: PH2 Vástago redondo Diámetro: 6,0 mm Longitud: 38 mm Material: Acero Cr-V Acabado de la hoja: punta negra Punta magnetizada Mango de agarre suave y cómodo Embalado en una percha de plástico",,,,
13,BCRPH2X100,Destornillador phillips,"Tipo de punta: Phillips Tamaño de la punta: PH2 Diámetro de vástago redondo: 6,0 mm Longitud: 100 mm Material: Acero Cr-V Acabado de la hoja: punta negra Punta magnetizada Mango de agarre suave y cómodo Embalado en una percha de plástico",,,,
14,BCRPH2X150,Destornillador phillips,"Tipo de punta: Phillips Tamaño de la punta: PH2 Diámetro del vástago redondo: 6,0 mm Longitud: 150 mm Material: Acero Cr-V Acabado de la hoja: punta negra Mango de agarre suave y cómodo Embalado en una percha de plástico",,,,
15,BCRPH3X150,Destornillador phillips,"Tipo de punta: Phillips Tamaño de la punta: PH3 Diámetro del vástago redondo: 8,0 mm Longitud: 150 mm Material: Acero Cr-V Acabado de la hoja: punta negra Punta magnetizada Mango de agarre suave y cómodo Embalado en una percha de plástico",,,,
16,BCR2X,Juego de destornilladores de 2 piezas,Juego de destornilladores de 2 piezas Material: CR-V Vástago redondo SL6.5*100 mm PH2*100 mm Embalado en percha de plástico,,,,
17,BCR4X,Juego de destornilladores de 4 piezas,Juego de destornilladores de 4 piezas Material: CR-V Vástago redondo SL5.5*75 SL6.5*100 PH1*75 PH2*100 Embalado en percha de plástico,,,,
18,BCR6X,Juego de destornilladores de 6 piezas,Juego de destornilladores de 6 piezas Material: CR-V Vástago redondo SL5.5*75 SL5.5*150 SL6.5*100 SL6.5*150 PH1*100 PH2*100 Embalado en percha de plástico,,,,
19,BCR8X,Juego de destornilladores de 8 piezas,Juego de destornilladores de 8 piezas Material: CR-V Vástago redondo SL6.5*38 PH2*38 SL3*75 SL5.5*75 SL6.5*100 PH0*75 PH1*75 PH2*100 Embalado en tarjeta deslizante,,,,
20,BCR2I1X68,Juego de destornilladores 2 en 1,"Juego de destornilladores 2 en 1 Tamaño: PH2+SL6.5 Longitud: 68 mm Vástago: 6,35 mm Material: Vástago hexagonal CR-V Embalado en percha de plástico",,,,
21,BCR2I1X130,Juego de destornilladores 2 en 1,"Juego de destornilladores 2 en 1 Tamaño: PH2 + SL6.5 Longitud: 130 mm Vástago: 6,35 mm Material: CR-V La hoja se puede insertar en el costado del mango para formar un destornillador con mango en T Vástago hexagonal Empacado en percha de plástico",,,,
22,BCR6I1,Juego de destornilladores 6 en 1,"Juego de destornilladores 6 en 1 Material: CR-V Destornillador 6 funciones en 1: Con 2 puntas bidireccionales：
 6,35 x 65 mm, PH1 + SL5 8,00 x 75 mm, PH2 + SL6 con 2 conectores：6 mm，8 mm Con 1 mango de destornillador intercambiable de diseño único Embalado en caja de color",,,,
23,BCR6PR,Juego de 6 destornilladores de precisión,"Juego de destornilladores de precisión de 6 piezas Material: Cr-V Incluye：
1 pieza SL2.0*50 mm 1 pieza SL2.5*50 mm 1 pieza SL3.0*50 mm 1 pieza PH0*50 mm 1 pieza PH00*50 mm 1 pieza PH000*50 mm Paquete en caja de plástico",,,,
24,BCR7,Juego de 7 destornilladores aislados,"Juego de destornilladores aislados de 7 piezas Incluye destornilladores: SL3.0×75 SL4.0×100 SL5.5×125 SL6.5×150 PH0×75 PH1×80 PH2×100 Mango de nuevo diseño Vástago redondo, 1000 V Embalado en blíster doble",,,,
25,BS2SL4X100,Destornillador de punta plana,"Material de la hoja: S2 Tipo de punta: ranurada SL4 (magnética) Longitud de la hoja: 100 mm Ranurada: 4,0 mm Diámetro de la hoja: 4,0 mm Tipo de vástago: redondo Material del mango: ergonómico de tres colores 1 destornillador con 1 percha de plástico Con fuerte imán Embalado en percha de plástico",,,,
26,BS2SL5X100,Destornillador de punta plana,"Material de la hoja: S2 Tipo de punta: ranurada SL5.5 (magnética) Longitud de la hoja: 100 mm Ranurada: 5,5 mm Diámetro de la hoja: 5,0 mm Tipo de vástago: redondo Material del mango: ergonómico de tres colores 1 destornillador con 1 percha de plástico Con fuerte imán Embalado en percha de plástico",,,,
27,BS2SL6X125,Destornillador de punta plana,"Material de la hoja: S2 Tipo de punta: ranurada SL6.5 (magnética) Tamaño de la punta: 6,5 mm Longitud de la hoja: 125 mm Diámetro de la hoja: 6,0 mm Tipo de vástago: redondo Material del mango: ergonómico de tres colores 1 destornillador con 1 percha de plástico Con fuerte imán Embalado en percha de plástico",,,,
28,BS2SL6X150,Destornillador de punta plana,"Material de la hoja: S2 Tipo de punta: ranurada SL6 (magnética) Tamaño de la punta: 6,5 mm Longitud de la hoja: 150 mm Diámetro de la hoja: 6,0 mm Tipo de vástago: redondo Material del mango: ergonómico de tres colores 1 destornillador con 1 percha de plástico Con fuerte imán Embalado en percha de plástico",,,,
29,BS2SL8X150,Destornillador de punta plana,"Material de la hoja: S2 Tipo de punta: ranurada SL8 (magnética) Tamaño de la punta: 8,0 mm Longitud de la hoja: 150 mm Diámetro de la hoja: 8,0 mm Tipo de vástago: redondo Material del mango: ergonómico de tres colores 1 destornillador con 1 percha de plástico Con fuerte imán Embalado en percha de plástico",,,,
30,BS2SL8X200,Destornillador de punta plana,"Material de la hoja: S2 Tipo de punta: ranurada SL8 (magnética) Tamaño de la punta: 8,0 mm Longitud de la hoja: 200 mm Diámetro de la hoja: 8,0 mm Tipo de vástago: redondo Material del mango: ergonómico de tres colores 1 destornillador con 1 percha de plástico Con fuerte imán Embalado en percha de plástico",,,,
31,BS2PH0X75,Destornillador phillips,"Material de la hoja: S2 Tipo de punta: Phillips PH0 (magnética) Longitud de la hoja: 75 mm Diámetro de la hoja: 3,0 mm Tipo de vástago: redondo Material del mango: ergonómico de tres colores 1 destornillador con 1 percha de plástico Con fuerte imán Embalado en percha de plástico",,,,
32,BS2PH1X100,Destornillador phillips,"Material de la hoja: S2 Tipo de punta: Phillips PH1 (magnética) Longitud de la hoja: 100 mm Diámetro de la hoja: 5,0 mm Tipo de vástago: redondo Material del mango: ergonómico de tres colores 1 destornillador con 1 percha de plástico Con fuerte imán Embalado en percha de plástico",,,,
33,BS2PH2X38,Destornillador phillips,"Material de la hoja: S2 Tipo de punta: Phillips PH2 (magnética) Longitud de la hoja: 38 mm Diámetro de la hoja: 6,0 mm Tipo de vástago: redondo Material del mango: ergonómico de tres colores 1 destornillador con 1 percha de plástico Con fuerte imán Embalado en percha de plástico",,,,
34,BS2PH2X125,Destornillador phillips,"Material de la hoja: S2 Tipo de punta: Phillips PH2 (magnética) Longitud de la hoja: 125 mm Diámetro de la hoja: 6,0 mm Tipo de vástago: redondo Material del mango: ergonómico de tres colores 1 destornillador con 1 percha de plástico Con fuerte imán Embalado en percha de plástico",,,,
35,BS2PH2X150,Destornillador phillips,"Material de la hoja: S2 Tipo de punta: Phillips PH2 (magnética) Longitud de la hoja: 150 mm Diámetro de la hoja: 6,0 mm Tipo de vástago: redondo Material del mango: ergonómico de tres colores 1 destornillador con 1 percha de plástico Con fuerte imán Embalado en percha de plástico",,,,
36,BS2PH3X150,Destornillador phillips,"Material de la hoja: S2 Tipo de punta: Phillips PH3 (magnética) Longitud de la hoja: 150 mm Diámetro de la hoja: 8,0 mm Tipo de vástago: redondo Material del mango: ergonómico de tres colores 1 destornillador con 1 percha de plástico Con fuerte imán Embalado en percha de plástico",,,,
37,BS2PZ1X100,Destornillador pozidriv,"Material de la hoja: S2 Tipo de punta: pozidriv PZ1 (magnética) Longitud de la hoja: 100 mm Diámetro de la hoja: 5,0 mm Tipo de vástago: redondo Material del mango: ergonómico de tres colores 1 destornillador con 1 percha de plástico Con fuerte imán Embalado en percha de plástico",,,,
38,BS2PZ2X150,Destornillador pozidriv,"Material de la hoja: S2 Tipo de punta: pozidriv PZ2 (magnética) Longitud de la hoja: 150 mm Diámetro de la hoja: 6,0 mm Tipo de vástago: redondo Material del mango: ergonómico de tres colores 1 destornillador con 1 percha de plástico Con fuerte imán Embalado en percha de plástico",,,,
39,BS2T10X100,Destornillador torx,"Material de la hoja: S2 Tipo de punta: Torx T10 (magnético) Longitud de la hoja: 100 mm Diámetro de la hoja: 5,0 mm Tipo de vástago: redondo Material del mango: ergonómico de tres colores 1 destornillador con 1 percha de plástico Con fuerte imán Embalado en percha de plástico",,,,
40,BS2T20X150,Destornillador torx,"Material de la hoja: S2 Tipo de punta: Torx T20 (magnético) Longitud de la hoja: 150 mm Diámetro de la hoja: 6,0 mm Tipo de vástago: redondo Material del mango: ergonómico de tres colores 1 destornillador con 1 percha de plástico Con fuerte imán Embalado en percha de plástico",,,,
41,BCP7X180,Alicates combinados,"Tamaño: 7""/180 mm
Material: 60 CRV Tratamiento de superficie: acabado negro y pulido Mango de tres colores TPR Embalado en percha de PP",,,,
42,BCP8X200,Alicates combinados,"Tamaño: 8""/200 mm
Material: 60 CRV Tratamiento de superficie: acabado negro y pulido Mango de tres colores TPR Embalado en percha de PP",,,,
43,BHLCP6X160,Alicates de corte diagonal de alto apalancamiento,"Tamaño: 6""/160 mm Ahorro de energía 30% en comparación con los alicates normales
Material: Cr-V Tratamiento de superficie: acabado negro y pulido Mango de TPR de tres colores para un agarre fuerte y comodidad Con función de engarce Con función de desbarbado Embalado en medio blíster doble",,,,
44,BHLDCP7X180,Alicates de corte diagonal de alto apalancamiento,"Tamaño: 7""/180 mm Ahorro de energía 30% en comparación con los alicates normales
Material: Cr-V Tratamiento de superficie: acabado negro y pulido Mango de TPR de tres colores para un agarre fuerte y comodidad Con función de engarce Con función de desbarbado Embalado en medio blíster doble",,,,
45,BHLLNP6X160,Alicates de punta larga de alto apalancamiento,"Tamaño: 6""/160 mm Ahorro de energía 30% en comparación con los alicates normales
Material: Cr-V Tratamiento de superficie: acabado negro y pulido Mango de TPR tricolor para un agarre fuerte y comodidad Con función de engarce Con función de porta clavos Con función de llave Embalado en medio blíster doble",,,,
46,BHLBNP6X160,Alicates de punta curva de alto apalancamiento,"Tamaño: 6""/160 mm Ahorro de energía 30% en comparación con los alicates normales
Material: Cr-V Tratamiento de superficie: acabado negro y pulido Mango de TPR tricolor para un agarre fuerte y comodidad Con función de engarce Con función de porta clavos Con función de llave Embalado en medio blíster doble",,,,
47,BHLLNP8X200,Alicates de punta larga de alto apalancamiento,"Tamaño: 8""/200 mm Ahorro de energía del 30 % en comparación con los alicates normales
Material: Cr-V Tratamiento de superficie: acabado negro y pulido Mango de TPR tricolor para un agarre fuerte y comodidad Con función de engarce Con función de porta clavos Con función de llave Embalado en medio blíster doble",,,,
48,BHS16,Sierra de mano,"Tamaño: 16""/400 mm Tamaño de los dientes: 7TPI Material: acero 65Mn Dientes triples (dientes rectificados con precisión de 3 bordes) Dientes con tratamiento térmico Mango suave de dos colores Corte rápido Embalado en funda de color",,,,
49,BHS20,Sierra de mano,"Tamaño: 20""/500 mm Tamaño de los dientes: 7TPI Material: 65Mn Dientes triples (dientes rectificados de precisión de 3 bordes) Dientes con tratamiento térmico Mango suave de dos colores Corte rápido Embalado por funda de color",,,,
50,BHS22,Sierra de mano,"Tamaño: 22""/550 mm Tamaño de los dientes: 7TPI Material: acero 65Mn Dientes triples (dientes rectificados con precisión de 3 bordes) Dientes con tratamiento térmico Mango suave de dos colores Corte rápido Embalado en funda de color",,,,
51,BLCS24,Sierra de hormigón ligera,"Tamaño: 24""/600 mm Material: acero al carbono 65Mn Cantidad de dientes: 14T (diente de acero de tungsteno) Para cortar hormigón celular/ladrillo de ceniza volante autoclavado/placa de yeso/bloque de hielo Dientes con tratamiento térmico Tratamiento de pintura electroforética de superficie Mango suave de dos colores Embalado en tarjeta de papel",,,,
52,BMB12,Juego de caja de ingletes y sierra de costilla,"Caja de ingletes de plástico con juego de sierra trasera incluida：
1 caja de ingletes de plástico Tamaño: 300 × 140 × 80 mm 1 sierra de lomo Tamaño: 300 mm/12"" Grosor: 0,8 mm, 11 TPI Diseño único Mango de nuevo diseño Embalado en tarjeta de papel",,,,
53,BWBS6,Sierra para tableros de pared,"Tamaño: 6""/150 mm, 7 TPI：Dientes rectificados de precisión de 65Mn, 2 filos, corte rápido, empaquetado en funda de color.",,,,
54,BCS12,Sierra de compás,"Tamaño: 12""/300 mm, 7 TPI：Dientes rectificados de precisión de 65Mn, 2 filos, empaquetados en funda de color",,,,
55,BFS7,Sierra plegable,"Tamaño: 7""/180 mm, 7 TPI：Dientes triples de 65Mn (dientes rectificados con precisión de 3 filos) Corte rápido Embalado en tarjeta deslizante",,,,
56,BPS11,Sierra de podar,"Tamaño: 11""/270 mm Material：65Mn 7TPI Dientes triples (dientes rectificados con precisión de 3 filos) Corte rápido Empacado por funda de color",,,,
57,BPS12,Sierra de podar,"Tamaño: 12""/300 mm Material: 65Mn 6TPI Dientes triples (dientes rectificados de precisión de 3 bordes) Corte rápido Empacado por funda de color",,,,
58,BMHS6,Mini marco de sierra para metales,"Tamaño de la mini sierra para metales：150 mm（6""）
Cómodo mango de ABS Con 1 hoja Embalado en tarjeta de papel",,,,
59,BHS12P,Marco de sierra para metales,"Tamaño: 300 mm/12"" Diseño único Marco de sierra para metales Mango ABS cómodo Con 1 hoja Embalado en tarjeta de papel",,,,
60,BHS12TPR,Marco de sierra para metales,"Tamaño: 300 mm/12"" Marco de sierra para metales con mango ajustable Con agarre suave Mango cómodo de ABS + TPR Con 1 hoja Embalado en tarjeta de papel",,,,
61,BCOS7,Sierra de marquetería,"Especificación: 7“ Material del arco de sierra: acero Material del mango: PP + TPR con 5 hojas de sierra (8T, 14T, 18T, 24T * 2), 1 hoja de sierra de 24T ensamblada en el marco de la sierra Material de la hoja de sierra: 65Mn Embalado en tarjeta de papel",,,,
62,BHS12AL,Marco de sierra para metales,"Tamaño: 300 mm/12"" Marco de acero resistente Mango de aluminio, fuerte y cómodo Tensión ajustable Mecanismo de cambio de hoja de liberación rápida Con 1 hoja Embalado en tarjeta de papel",,,,
63,BPW8,Llave de tubo,"Tamaño: 8"" Diámetro máximo de sujeción: 27 mm Mordaza móvil forjada con acero al carbono de alta calidad Tratamiento inactivo Remache sólido Embalado en tarjeta de papel",,,,
64,BPW10,Llave de tubo,"Tamaño: 10"" Diámetro máximo de sujeción: 33 mm Mordaza móvil forjada con acero al carbono de alta calidad Tratamiento inactivo Remache sólido Embalado en tarjeta de papel",,,,
65,BPW12,Llave de tubo,"Tamaño: 12"" Diámetro máximo de sujeción: 42 mm Mordaza móvil forjada con acero al carbono de alta calidad Tratamiento inactivo Remache sólido Embalado en tarjeta de papel",,,,
66,BPW14,Llave de tubo,"Tamaño: 14"" Diámetro máximo de sujeción: 48 mm Mordaza móvil forjada con acero al carbono de alta calidad Tratamiento inactivo Remache sólido Embalado en tarjeta de papel",,,,
67,BPW18,Llave de tubo,"Tamaño: 18"" Diámetro máximo de sujeción: 60 mm Mordaza móvil forjada con acero al carbono de alta calidad Tratamiento inactivo Remache sólido Embalado en tarjeta de papel",,,,
68,BPW24,Llave de tubo,"Tamaño: 24"" Diámetro máximo de sujeción: 73 mm Mordaza móvil forjada con acero al carbono de alta calidad Tratamiento inactivo Remache sólido Embalado en tarjeta de papel",,,,
69,BAS10L,Tijeras de aviación,"Tijeras de aviación (izquierda) Longitud: 250 mm (10"") Grosor máximo de corte: Acero al carbono ≤1,2 mm Acero inoxidable ≤0,7 mm Diseño único, mango suave de dos tonos Embalado en medio blíster doble",,,,
70,BAS10S,Tijeras de aviación,"Tijeras de aviación (recta) Longitud: 250 mm (10"") Grosor máximo de corte: Acero al carbono ≤1,2 mm Acero inoxidable ≤0,7 mm Diseño único, mango suave de dos tonos Embalado en medio blíster doble",,,,
71,BAS10R,Tijeras de aviación,"Tijeras de aviación (derecha) Longitud: 250 mm (10"") Grosor máximo de corte: Acero al carbono ≤1,2 mm Acero inoxidable ≤0,7 mm Diseño único, mango suave de dos tonos Embalado en medio blíster doble",,,,
72,BTS10,Tijeras de hojalatero,"Tamaño: 10""/250 mm Grosor máximo de corte: Acero al carbono ≤0,8 mm Acero inoxidable ≤0,6 mm Con mango de plástico Embalado en blíster doble de media pulgada",,,,
73,BTS12,Tijeras de hojalatero,"Tamaño: 12""/300 mm Grosor máximo de corte: Acero al carbono ≤0,8 mm Acero inoxidable ≤0,6 mm Con mango de plástico Embalado en blíster doble medio",,,,
74,BPP10,Alicates para bombas,"Tamaño: 10""/250 mm Apertura máxima de sujeción: 40 mm Tratamiento de superficie: pulido y aceite antioxidante Material: acero al carbono Mango de dos colores Embalado en percha de PP",,,,
75,BPP12,Alicates para bombas,"Tamaño: 12""/3000 mm Apertura máxima de sujeción: 50 mm Tratamiento de superficie: pulido y aceite antioxidante Material: acero al carbono Mango de dos colores Embalado en percha de PP",,,,
76,BCC6,Cortador de cables,"Tamaño: 6""/160 mm Acabado negro y pulido
Acero al carbono 55# Embalado en blíster doble de media unidad",,,,
77,BCC8,Cortador de cables,"Tamaño: 8""/200 mm Acabado negro y pulido
Acero al carbono 55# Embalado en blíster doble de media unidad",,,,
78,BMBC8,Mini cortador de pernos,"Tamaño: Hoja de cromo-molibdeno de 8""
Mango de TPR tricolor con acabado negro y pulido Un candado en el extremo del mango Embalado con tarjeta deslizante",,,,
79,BBC12,Cortador de pernos,"Tamaño: Hoja de cromo-molibdeno de 12""
Mango de TPR tricolor con acabado negro y pulido. Embalado en tarjeta de papel.",,,,
80,BBC14,Cortador de pernos,"Tamaño: Hoja de cromo-molibdeno de 14""
Mango de TPR tricolor con acabado negro y pulido. Embalado en tarjeta de papel.",,,,
81,BBC18,Cortador de pernos,"Tamaño: Hoja de cromo-molibdeno de 18""
Mango de TPR tricolor con acabado negro y pulido. Embalado en tarjeta de papel.",,,,
82,BBC24,Cortador de pernos,"Tamaño: Hoja de cromo-molibdeno de 24""
Mango de TPR tricolor con acabado negro y pulido. Embalado en tarjeta de papel.",,,,
83,BBC30,Cortador de pernos,"Tamaño: Hoja de cromo-molibdeno de 30""
Mango de TPR tricolor con acabado negro y pulido. Embalado en tarjeta de papel.",,,,
84,BBC36,Cortador de pernos,"Tamaño: Hoja de cromo-molibdeno de 36""
Mango de TPR tricolor con acabado negro y pulido. Embalado en tarjeta de papel.",,,,
85,BBV4,Tornillo de banco,"Tamaño de la base giratoria：4"" Peso: 5,5 kg Cuerpo de hierro fundido Con yunque Embalado en caja de cartón",,,,
86,BBV6,Tornillo de banco,"Tamaño de la base giratoria：6"" Peso: 12 kg Cuerpo de hierro fundido Con yunque Embalado en caja de cartón",,,,
87,BBV8,Tornillo de banco,"Tamaño de la base giratoria：8"" Peso: 18 kg Cuerpo de hierro fundido Con yunque Embalado en caja de cartón",,,,
88,BPCPVC42,Cortador de tubos de pvc,"Longitud: 230 mm Diámetro de corte: 3-42 mm Función de apertura automática
Embalado en blíster doble",,,,
89,BPCMET32,Cortador de tubos,"Cortador de tubos de cobre y aluminio Diámetro de corte: 3-32 mm
Con hoja de alta calidad y perilla de aluminio. Embalado en tarjeta deslizante.",,,,
90,BLPC7,Alicates de bloqueo de mordaza curva,"Tamaño: 7"" Acero al carbono HRC38°-HRC48° Niquelado Embalado por percha de polipropileno",,,,
91,BLPC10,Alicates de bloqueo de mordaza curva,"Tamaño: 10"" Acero al carbono HRC38°-HRC48° Niquelado Embalado en percha de polipropileno",,,,
92,BLPS10,Alicates de mordaza recta,"Tamaño: 10"" Acero al carbono HRC38°-HRC48° Niquelado Embalado en percha de polipropileno",,,,
93,BLPLN6,Alicates de bloqueo de punta larga,"Tamaño: 6"" Acero al carbono HRC38°-HRC48° Niquelado Embalado en percha de polipropileno",,,,
94,BLPLN9,Alicates de bloqueo de punta larga,"Tamaño: 9"" Acero al carbono HRC38°-HRC48° Niquelado Embalado por percha de polipropileno",,,,
95,BCLP6,Alicates de bloqueo con abrazadera en c,"Tamaño: 6"" Acero al carbono HRC38°-HRC48° Niquelado Embalado en percha de polipropileno",,,,
96,BCLP11,Alicates de bloqueo con abrazadera en c,"Tamaño: 11"" Acero al carbono HRC38°-HRC48° Niquelado Embalado en percha de plástico",,,,
97,B3LP7910,Juego de 3 alicates de bloqueo,"El juego de 3 alicates de bloqueo incluye：
1 alicate de presión de mordaza recta de 7"", 1 alicate de presión de punta larga de 9"", 1 alicate de presión de mordaza curva de 10"", acero al carbono HRC38°-HRC48°, niquelado. Se presenta en blíster doble.",,,,
98,BSH1000,Martillo de lapidación,"Peso：Martillo forjado en estampa de 1000 g. Tratamiento térmico, acero al carbono n.° 45. Mango de madera dura. Embalado por etiqueta.",,,,
99,BSH1500,Martillo de lapidación,"Peso：Cabeza de martillo forjada en estampa de 1500 g Tratamiento térmico, acero al carbono n.° 45 Mango de madera dura Embalado por etiqueta",,,,
100,BSH2000,Martillo de lapidación,"Peso：Cabeza de martillo forjada en estampa de 2000 g. Tratamiento térmico, acero al carbono n.° 45. Mango de madera dura. Embalado por etiqueta.",,,,
101,BCH8,Martillo de garra,"Peso：Cabeza de martillo forjada de 8 oz/220 g Tratamiento térmico, acero al carbono n.° 45 Mango de madera dura Embalado por etiqueta",,,,
102,BCH16,Martillo de garra,"Peso：Cabeza de martillo forjada de 16 oz/450 g Tratamiento térmico, acero al carbono n.° 45 Mango de madera dura Embalado por etiqueta",,,,
103,BBPH16,Martillo de bola,"Peso：Cabeza de martillo forjada de 16 oz/450 g Tratamiento térmico, acero al carbono n.° 45 Mango de madera dura Embalado por etiqueta",,,,
104,BBPH24,Martillo de bola,"Peso：Cabeza de martillo forjada de 24 oz/660 g Tratamiento térmico, acero al carbono n.° 45 Mango de madera dura Embalado por etiqueta",,,,
105,BMHFB300,Martillo de maquinista,"Peso：Martillo forjado de 300 g Tratamiento térmico, acero al carbono n.° 45 Mango de fibra de vidrio de diseño exclusivo Embalado por etiqueta",,,,
106,BMHFB500,Martillo de maquinista,"Peso：Martillo forjado de 500 g Tratamiento térmico, acero al carbono n.° 45 Mango de fibra de vidrio de diseño exclusivo Embalado por etiqueta",,,,
107,BMHFB1000,Martillo de maquinista,"Peso：Martillo forjado en estampa de 1000 g. Tratamiento térmico, acero al carbono n.° 45. Mango de fibra de vidrio de diseño exclusivo. Embalado por etiqueta.",,,,
108,BSHFB1000,Martillo de lapidación,"Peso：Martillo forjado en estampa de 1000 g. Tratamiento térmico, acero al carbono n.° 45. Mango de fibra de vidrio de diseño exclusivo. Embalado por etiqueta.",,,,
109,BSHFB1500,Martillo de lapidación,"Peso：Martillo forjado en estampa de 1500 g. Tratamiento térmico, acero al carbono n.° 45. Mango de fibra de vidrio de diseño exclusivo. Embalado por etiqueta.",,,,
110,BSHFB2000,Martillo de lapidación,"Peso：Martillo forjado de 2000 g. Tratamiento térmico, acero al carbono n.° 45. Mango de fibra de vidrio de diseño exclusivo. Embalado por etiqueta.",,,,
111,BSHFB3000,Martillo de lapidación,Peso: 3 kg Longitud: 900 mm Material de la cabeza del martillo: acero al carbono n.° 45 Cabeza de martillo forjada Mango de fibra de vidrio de diseño exclusivo Embalado por etiqueta,,,,
112,BSHFB4000,Martillo de lapidación,Peso: 4 kg Longitud: 900 mm Material de la cabeza del martillo: acero al carbono n.° 45 Cabeza de martillo forjada Mango de fibra de vidrio de diseño exclusivo Embalado por etiqueta,,,,
113,BSHFB5000,Martillo de lapidación,Peso: 5 kg Longitud: 900 mm Material de la cabeza del martillo: acero al carbono n.° 45 Cabeza de martillo forjada Mango de fibra de vidrio de diseño exclusivo Embalado por etiqueta,,,,
114,BSLHFB2,Maza,"Peso：Martillo forjado de 2 lb. Tratamiento térmico, acero al carbono n.° 45. Mango de fibra de vidrio de diseño exclusivo. Embalado por etiqueta.",,,,
115,BSLHFB3,Maza,"Peso：Martillo forjado de 3 lb Tratamiento térmico, acero al carbono n.° 45 Mango de fibra de vidrio de diseño exclusivo Embalado por etiqueta",,,,
116,BSLHFB4,Maza,"Peso：Martillo forjado de 4 lb Tratamiento térmico, acero al carbono n.° 45 Mango de fibra de vidrio de diseño exclusivo Embalado por etiqueta",,,,
117,BSLHFB6,Maza,Peso: 6 lb Longitud: 900 mm Material de la cabeza del martillo: acero al carbono 45# Cabeza de martillo forjada Mango de fibra de vidrio de diseño único Embalado por etiqueta,,,,
118,BMCLH8,Mini martillo de garra,"Peso: 8 oz Cabeza de martillo igual que un martillo de garra de 8 oz Cabeza de martillo forjada Tratamiento térmico, acero al carbono n.° 45 Mango de fibra de vidrio de diseño único Embalado en tarjeta de papel",,,,
119,BCLHFB8,Martillo de garra,"Peso：Martillo forjado de 8 oz/220 g. Tratamiento térmico, acero al carbono n.° 45. Mango de fibra de vidrio de diseño exclusivo. Embalado por etiqueta.",,,,
120,BCLHFB16,Martillo de garra,"Peso：Cabeza de martillo forjada de 16 oz/450 g Tratamiento térmico, acero al carbono n.° 45 Mango de fibra de vidrio de diseño exclusivo Embalado por etiqueta",,,,
121,BBPHFB16,Martillo de bola,"Peso：Cabeza de martillo forjada de 16 oz/450 g Tratamiento térmico, acero al carbono n.° 45 Mango de fibra de vidrio de diseño exclusivo Embalado por etiqueta",,,,
122,BBPHFB24,Martillo de bola,"Peso：Cabeza de martillo forjada de 24 oz/660 g Tratamiento térmico, acero al carbono n.° 45 Mango de fibra de vidrio de diseño exclusivo Embalado por etiqueta",,,,
123,BBPHFB32,Martillo de bola,"Peso：Martillo forjado de 32 oz/900 g Tratamiento térmico, acero al carbono n.° 45 Mango de fibra de vidrio de diseño exclusivo Embalado por etiqueta",,,,
124,BRHHW8,Martillo de goma,Peso: 8 oz/220 g Martillo de goma Mango de madera dura Embalado por etiqueta,,,,
125,BRHHW16,Martillo de goma,Peso: 16 oz/450 g Martillo de goma Mango de madera dura Embalado por etiqueta,,,,
126,BRHFB8,Martillo de goma,"Peso: 8 oz/220 g Cabeza de martillo de caucho natural, tipo suave Sin chispas Caras de plástico que no dejan marcas Protege la superficie de la pieza de trabajo Mango de fibra de vidrio de diseño exclusivo Embalado por etiqueta",,,,
127,BRHFB16,Martillo de goma,"Peso: 16 oz/450 g Cabeza de martillo de caucho natural, tipo suave Sin chispas Caras de plástico que no dejan marcas Protege la superficie de la pieza de trabajo Mango de fibra de vidrio de diseño exclusivo Embalado por etiqueta",,,,
128,BRPHFB35MM,Martillo de goma y plástico,Diámetro del martillo: 35 mm Cara suave Protege la superficie de la pieza de trabajo Mango de fibra de vidrio de diseño único Embalado por etiqueta,,,,
129,BAXE600,Hacha,"Peso：Hacha de 600 g forjada en estampa. Tratamiento térmico, acero al carbono n.° 45. Mango de madera dura. Embalado por etiqueta.",,,,
130,BAXE1250,Hacha,"Peso：Martillo forjado en estampa de 1250 g. Tratamiento térmico, acero al carbono n.° 45. Mango de madera dura. Embalado por etiqueta.",,,,
131,BAXEFB600,Hacha,"Peso：Cabeza de hacha forjada en estampa de 600 g Tratamiento térmico, acero al carbono n.° 45 Mango de fibra de vidrio de diseño único Embalado por etiqueta",,,,
132,BAXEFB800,Hacha,"Peso：Cabeza de hacha forjada en estampa de 800 g Tratamiento térmico, acero al carbono n.° 45 Mango de fibra de vidrio de diseño exclusivo Embalado por etiqueta",,,,
133,BAXEFB1000,Hacha,Peso de la cabeza: 1000 g Longitud: 430 mm Material de la cabeza del hacha: acero al carbono n.° 45 Cabeza de hacha forjada Mango de fibra de vidrio de diseño único Embalado por etiqueta,,,,
134,BAXEFB1250,Hacha,"Peso：Cabeza de hacha forjada en estampa de 1250 g Tratamiento térmico, acero al carbono n.° 45 Mango de fibra de vidrio de diseño exclusivo Embalado por etiqueta",,,,
135,BCC2518300,Cincel frío,Tamaño: 25 mm x 18 mm x 300 mm Material: acero al carbono 45 # Tratamiento térmico Empacado por etiqueta,,,,
136,BCC0418300,Cincel frío,Tamaño：Material de 4 mm x 18 mm x 300 mm：Acero al carbono 45# Tratamiento térmico Empacado por etiqueta,,,,
137,BCCG2216250,Cincel frío,Tamaño: 22 mm x 16 mm x 250 mm Material: acero al carbono n.° 45 Tratamiento térmico Embalado por etiqueta,,,,
138,BCCG2518300,Cincel frío,Tamaño: 25 mm x 18 mm x 300 mm Material: acero al carbono n.° 45 Tratamiento térmico Embalado por etiqueta,,,,
139,BCNCG0416250,Cincel de hormigón,Tamaño: 4 mm x 16 mm x 250 mm Material: acero al carbono n.° 45 Tratamiento térmico Embalado por etiqueta,,,,
140,BCNCG0418300,Cincel de hormigón,Tamaño: 4 mm x 18 mm x 300 mm Material: acero al carbono n.° 45 Tratamiento térmico Embalado por etiqueta,,,,
141,BHK7SA6,Llave hexagonal,"Juego de 7 llaves hexagonales Material: acero al carbono Tamaño：1,5 mm, 2 mm, 2,5 mm, 3 mm, 4 mm, 5 mm, 6 mm. Brazo corto. Tratamiento térmico y cromado. Embalado en caja deslizante.",,,,
142,BTK7SAT40,Llave torx,"Juego de 7 llaves Torx Material：Brazo corto de acero al carbono Tamaño：T10, T15, T20, T25, T27, T30, T40. Tratamiento térmico y cromado. Embalado en cartón deslizante.",,,,
143,BHK9LA10,Llave hexagonal,"Juego de 9 llaves hexagonales Material：Tamaño Cr-V：1,5 mm, 2 mm, 2,5 mm, 3 mm, 4 mm, 5 mm, 6 mm, 8 mm, 10 mm. Brazo largo. Tratamiento térmico y cromado. Embalado en caja deslizante.",,,,
144,BHK9XLA10,Llave hexagonal,"Juego de 9 llaves hexagonales Material：Tamaño Cr-V：1,5 mm, 2 mm, 2,5 mm, 3 mm, 4 mm, 5 mm, 6 mm, 8 mm, 10 mm. Brazo extralargo. Tratamiento térmico y cromado. Embalado en caja deslizante.",,,,
145,BBHK9LA10,Llave hexagonal de punta de bola,"Juego de 9 llaves hexagonales con punta de bola：Tamaño Cr-V：1,5 mm, 2 mm, 2,5 mm, 3 mm, 4 mm, 5 mm, 6 mm, 8 mm, 10 mm. Brazo largo. Tratamiento térmico y cromado. Embalado en caja deslizante.",,,,
146,BBHK9XLA10,Llave hexagonal de punta de bola,"Juego de 9 llaves hexagonales con punta de bola：Tamaño Cr-V：1,5 mm, 2 mm, 2,5 mm, 3 mm, 4 mm, 5 mm, 6 mm, 8 mm, 10 mm. Brazo extralargo. Tratamiento térmico y cromado. Embalado en caja deslizante.",,,,
147,BTK9LAT50,Llave torx,Juego de 9 llaves Torx：Tamaño Cr-V：T-10，T-15，T-20，T-25，T-27，T-30，T-40，T-45，T-50. Brazo largo. Tratamiento térmico y cromado. Embalado en caja deslizante.,,,,
148,BTK9XLAT50,Llave torx,Juego de 9 llaves Torx：Tamaño Cr-V：T-10，T-15，T-20，T-25，T-27，T-30，T-40，T-45，T-50. Brazo extra largo. Tratamiento térmico y cromado. Embalado en caja deslizante.,,,,
149,BHKFLD8,Llave hexagonal,"8 piezas de llave hexagonal Tamaño: 1,5 mm, 2 mm, 2,5 mm, 3 mm, 4 mm, 5 mm, 6 mm, 8 mm Material: Cr-V Tratamiento térmico y placa cromada Embalado en percha de PP",,,,
150,BBHKFLD8,Llave hexagonal de punta de bola,"Juego de 8 llaves hexagonales de punta de bola Tamaño: 1,5 mm, 2 mm, 2,5 mm, 3 mm, 4 mm, 5 mm, 6 mm, 8 mm Material: Cr-V Tratamiento térmico y placa cromada Embalado en percha de PP",,,,
151,BTKFLDT40,Llave torx,"Juego de 8 llaves Torx Tamaño: T9, T10, T15, T20, T25, T27, T30, T40 Material: Cr-V Tratamiento térmico y placa cromada Embalado en percha de PP",,,,
152,BMT161,Herramienta multifunción 16 en 1,"Juego de herramientas multifuncional 16 en 1 Material：Acero al carbono Cr-V + Incluye: 6 llaves hexagonales: 2, 2,5, 3, 4, 5, 6 mm 2 destornilladores: PH1, SL5.5 3 dados de 1/4 ""x 20,5 mm: 8, 9, 10 mm 1 adaptador de 1/4"" 1 llave 4 en 1: 8 mm, 10 mm, 15 mm y llave de radios 14G Tratamiento térmico y placa cromada Embalado en tarjeta deslizante",,,,
153,BSTMT3X16,Cinta métrica de acero,Largo y ancho: 3 mx 16 mm Un botón Con métricas y pulgadas Empacado por etiqueta,,,,
154,BSTMT5X19,Cinta métrica de acero,Largo y ancho: 5 mx 19 mm Un botón Con métricas y pulgadas Empacado por etiqueta,,,,
155,BSTMT5X25,Cinta métrica de acero,Largo y ancho: 5 mx 25 mm Un botón Con métricas y pulgadas Empacado por etiqueta,,,,
156,BSTMT3X16S,Cinta métrica de acero,Largo y ancho: 3 mx 16 mm Con sistema métrico y en pulgadas Un botón Diseño único Embalado en percha de plástico,,,,
157,BSTMT5X19S,Cinta métrica de acero,Largo y ancho: 5 mx 19 mm Con sistema métrico y en pulgadas Un botón Diseño único Embalado en percha de plástico,,,,
158,BSTMT5X25S,Cinta métrica de acero,Largo y ancho: 5 mx 25 mm Con sistema métrico y en pulgadas Un botón Diseño único Embalado en percha de plástico,,,,
159,BSTMT8X25S,Cinta métrica de acero,Largo y ancho: 8 mx 25 mm Con sistema métrico y en pulgadas Un botón Diseño único Embalado en percha de plástico,,,,
160,BSTMT10X25S,Cinta métrica de acero,Largo y ancho: 10 mx 25 mm Con sistema métrico y en pulgadas Un botón Diseño único Embalado en percha de plástico,,,,
161,BSL40,Nivel de burbuja,"Longitud: 40 cm Viales fresados ​​por un lado con una precisión de 0,5 mm/m Grosor: 1,5 mm Embalado en funda de color",,,,
162,BSL60,Nivel de burbuja,"Longitud: 60 cm Viales fresados ​​por un lado con una precisión de 0,5 mm/m Grosor: 1,5 mm Embalado en funda de color",,,,
163,BSL80,Nivel de burbuja,"Longitud: 80 cm Viales fresados ​​por un lado con una precisión de 0,5 mm/m Grosor: 1,5 mm Embalado en funda de color",,,,
164,BSL100,Nivel de burbuja,"Longitud: 100 cm Viales fresados ​​por un lado con una precisión de 0,5 mm/m Grosor: 1,5 mm Embalado en funda de color",,,,
165,BSL120,Nivel de burbuja,"Longitud: 120 cm Viales fresados ​​por un lado con una precisión de 0,5 mm/m Grosor: 1,5 mm Embalado en funda de color",,,,
166,BSL150,Nivel de burbuja,"Longitud: 150 cm Viales fresados ​​por un lado con una precisión de 0,5 mm/m Grosor: 1,5 mm Embalado en funda de color",,,,
167,BSL180,Nivel de burbuja,"Longitud: 180 cm Viales fresados ​​por un lado con una precisión de 0,5 mm/m Grosor: 1,5 mm Embalado en funda de color",,,,
168,Niveldeseguridadbásico200,Nivel de burbuja,"Longitud: 200 cm Viales fresados ​​por un lado con una precisión de 0,5 mm/m Grosor: 1,5 mm Embalado en funda de color",,,,
169,BAWMTL6,Llave inglesa ajustable,"Longitud: 150 mm (6"") Tamaño de abrazadera ajustable: 0-19,2 mm Embalado en tarjeta de papel",,,,
170,BAWMTL8,Llave inglesa ajustable,"Longitud: 200 mm (8"") Tamaño de abrazadera ajustable: 0-24 mm Embalado en tarjeta de papel",,,,
171,BAWMTL10,Llave inglesa ajustable,"Longitud: 250 mm (10"") Tamaño de abrazadera ajustable: 0-30 mm Embalado en tarjeta de papel",,,,
172,BAWMTL12,Llave inglesa ajustable,"Longitud: 300 mm (12"") Tamaño de abrazadera ajustable: 0-35 mm Embalado en tarjeta de papel",,,,
173,BAWMTL18,Llave inglesa ajustable,"Longitud: 450 mm (18"") Tamaño de abrazadera ajustable: 0-54 mm Forjado en estampa, tratado térmicamente Material: acero al carbono 45# Embalado en tarjeta de papel",,,,
174,B4AWMTL6X12,Juego de 4 llaves ajustables,"Juego de 4 llaves ajustables Longitud: 150 mm (6"")/200 mm (8"")/250 mm (10"")/300 mm（12""）
Tamaño de abrazadera ajustable: 6"" 0-19 mm/8"" 0-24 mm/10"" 0-30 mm/12"" 0-35 mm Material：Acero al carbono forjado. Embalado en blíster doble de media pieza.",,,,
175,BAWGRP6,Llave inglesa ajustable,"Longitud: 150 mm (6""), acero al carbono 45# Tamaño de abrazadera ajustable: 0-24 mm Diseño único, mango suave de dos tonos Embalado en percha de plástico",,,,
176,BAWGRP8,Llave inglesa ajustable,"Longitud: 200 mm (8""), acero al carbono 45# Tamaño de abrazadera ajustable: 0-30 mm Diseño único, mango suave de dos tonos Embalado en percha de plástico",,,,
177,BAWGRP10,Llave inglesa ajustable,"Longitud: 250 mm (10""), acero al carbono 45# Tamaño de abrazadera ajustable: 0-35 mm Diseño único, mango suave de dos tonos Embalado en percha de plástico",,,,
178,BAWGRP12,Llave inglesa ajustable,"Longitud: 300 mm (12""), acero al carbono 45# Tamaño de abrazadera ajustable: 0-41 mm Diseño único, mango suave de dos tonos Embalado en percha de plástico",,,,
179,BCOMS6,Llave combinada (embalada en una percha de plástico),"
ACABADO CROMADO DE ACERO AL CARBONO DE 6 mm (1/4″)

",,,,
180,BCOMS7,Llave combinada (embalada en una percha de plástico),"
ACABADO CROMADO DE ACERO AL CARBONO DE 7 mm (9/32"")

",,,,
181,BCOMS8,Llave combinada (embalada en una percha de plástico),"
ACABADO CROMADO DE ACERO AL CARBONO DE 8 MM (5/16″)

",,,,
182,BCOMS9,Llave combinada (embalada en una percha de plástico),"
ACABADO CROMADO DE ACERO AL CARBONO DE 9 mm (11/32"")

",,,,
183,BCOMS10,Llave combinada (embalada en una percha de plástico),"
ACABADO CROMADO DE ACERO AL CARBONO DE 10 mm (3/8″)

",,,,
184,BCOMS11,Llave combinada (embalada en una percha de plástico),"
ACABADO CROMADO DE ACERO AL CARBONO DE 11 mm (7/16″)

",,,,
185,BCOMS12,Llave combinada (embalada en una percha de plástico),"
ACABADO CROMADO DE ACERO AL CARBONO DE 12 mm (15/32"")

",,,,
186,BCOMS13,Llave combinada (embalada en una percha de plástico),"
ACABADO CROMADO DE ACERO AL CARBONO DE 13 mm (1/2″)

",,,,
187,BCOMS14,Llave combinada (embalada en una percha de plástico),"
ACABADO CROMADO DE ACERO AL CARBONO DE 14 mm (9/16″)

",,,,
188,BCOMS15,Llave combinada (embalada en una percha de plástico),"ACABADO CROMADO DE ACERO AL CARBONO DE 15 mm (19/32"")

",,,,
189,BCOMS16,Llave combinada (embalada en una percha de plástico),"
ACABADO CROMADO DE ACERO AL CARBONO DE 16 mm (5/8″)

",,,,
190,BCOMS17,Llave combinada (embalada en una percha de plástico),"
ACERO AL CARBONO DE 17 MM ACABADO CROMADO

",,,,
191,BCOMS18,Llave combinada (embalada en una percha de plástico),"
ACABADO CROMADO DE ACERO AL CARBONO DE 18 mm (11/16″)

",,,,
192,BCOMS19,Llave combinada (embalada en una percha de plástico),"
ACABADO CROMADO DE ACERO AL CARBONO DE 19 mm (3/4″)

",,,,
193,BCOMS20,Llave combinada (embalada en una percha de plástico),"
ACABADO CROMADO DE ACERO AL CARBONO DE 20 mm (25/32"")

",,,,
194,BCOMS21,Llave combinada (embalada en una percha de plástico),"
ACABADO CROMADO DE ACERO AL CARBONO DE 21 mm (13/16″)

",,,,
195,BCOMS22,Llave combinada (embalada en una percha de plástico),"
ACABADO CROMADO DE ACERO AL CARBONO DE 22 mm (7/8″)

",,,,
196,BCOMS23,Llave combinada (embalada en una percha de plástico),"
ACABADO CROMADO DE ACERO AL CARBONO DE 23 mm (29/32"")

",,,,
197,BCOMS24,Llave combinada (embalada en una percha de plástico),"
ACABADO CROMADO DE ACERO AL CARBONO DE 24 mm (15/16″)

",,,,
198,BCOMS25,Llave combinada (embalada en una percha de plástico),"
ACABADO CROMADO DE ACERO AL CARBONO DE 25 mm (1″)

",,,,
199,BCOMS26,Llave combinada (embalada en una percha de plástico),"
ACABADO CROMADO DE ACERO AL CARBONO DE 26 mm (1-1/32)

",,,,
200,BCOMS27,Llave combinada (embalada en una percha de plástico),"
ACABADO CROMADO DE ACERO AL CARBONO DE 27 mm (1-1/16″)

",,,,
201,BCOMS28,Llave combinada (embalada en una percha de plástico),"
ACABADO CROMADO DE ACERO AL CARBONO DE 28 MM

",,,,
202,BCOMS29,Llave combinada (embalada en una percha de plástico),"
ACABADO CROMADO DE ACERO AL CARBONO DE 29 mm (1-1/8″)

",,,,
203,BCOMS30,Llave combinada (embalada en una percha de plástico),"
ACABADO CROMADO DE ACERO AL CARBONO DE 30 mm (1-3/16)

",,,,
204,BCOMS32,Llave combinada (embalada en una percha de plástico),"
ACABADO CROMADO DE ACERO AL CARBONO DE 32 mm (1-1/4″)

",,,,
,,,,,,,
,,,,,,,

,,,,,,,
